Timestamp,User Count,Type,Name,Requests/s,Failures/s,50%,66%,75%,80%,90%,95%,98%,99%,99.9%,99.99%,100%,Total Request Count,Total Failure Count,Total Median Response Time,Total Average Response Time,Total Min Response Time,Total Max Response Time,Total Average Content Size
1789791680,0,,Aggregated,0.000000,0.000000,N/A,N/A,N/A,N/A,N/A,N/A,N/A,N/A,N/A,N/A,N/A,0,0,0,0.0,0,0,0
1789791681,10,,Aggregated,0.000000,0.000000,82,150,160,260,290,290,290,290,290,290,290,13,0,82,118.7275615431225,2.4081000010482967,290.6174999952782,136.46153846153845
1789791682,20,,Aggregated,0.000000,0.000000,130,260,290,300,370,870,990,990,990,990,990,41,0,130,214.26544878234316,2.4081000010482967,989.6937999874353,141.17073170731706
1789791683,40,,Aggregated,10.000000,0.000000,140,270,300,300,370,870,990,990,990,990,990,64,0,140,214.37688750074813,2.4081000010482967,989.6937999874353,153.453125
1789791684,50,,Aggregated,13.500000,0.000000,150,270,290,300,370,940,990,1000,1000,1000,1000,96,0,150,219.1357854165593,2.4047000042628497,1004.454000008991,155.90625
1789791685,60,,Aggregated,17.666667,0.000000,130,270,290,300,370,880,990,990,1000,1000,1000,143,0,130,206.1041762237844,2.1502999879885465,1004.454000008991,157.13286713286712
1789791686,70,,Aggregated,21.000000,0.000000,150,290,300,330,380,880,990,990,1000,1000,1000,194,0,150,211.41583505209616,2.1502999879885465,1004.454000008991,160.39690721649484
1789791687,80,,Aggregated,24.600000,0.000000,160,290,330,350,390,880,980,990,1000,1000,1000,240,0,160,216.59456833355458,2.1502999879885465,1004.454000008991,163.90416666666667
1789791688,90,,Aggregated,28.666667,0.000000,180,300,350,370,410,850,970,990,1000,1000,1000,308,0,180,224.7150808440668,2.1502999879885465,1004.454000008991,163.44480519480518
1789791689,100,,Aggregated,31.285714,0.000000,180,300,360,370,440,870,980,1000,1200,1200,1200,380,0,180,229.8143702629635,2.1502999879885465,1247.7034000039566,160.4578947368421
1789791690,100,,Aggregated,34.750000,0.000000,180,320,360,370,460,830,970,990,1200,1200,1200,453,0,180,230.79129779243905,1.8266999977640808,1247.7034000039566,161.79911699779248
1789791691,100,,Aggregated,38.000000,0.000000,180,330,360,370,420,810,980,1000,1200,1200,1200,529,0,180,226.3339194707376,1.8266999977640808,1247.7034000039566,163.10586011342156
1789791692,100,,Aggregated,41.300000,0.000000,180,330,360,380,430,760,970,1000,1200,1200,1200,594,0,180,225.99693299680777,1.8266999977640808,1247.7034000039566,165.5909090909091
1789791693,100,,Aggregated,47.200000,0.000000,170,340,370,380,430,750,960,990,1200,1200,1200,673,0,170,225.7545667163454,1.8266999977640808,1247.7034000039566,166.8736998514116
1789791694,100,,Aggregated,52.600000,0.000000,160,340,360,380,420,740,950,990,1200,1200,1200,749,0,160,222.44228491348554,1.8266999977640808,1247.7034000039566,167.22696929238984
1789791695,100,,Aggregated,57.400000,0.000000,150,340,370,380,420,740,940,990,1200,1200,1200,827,0,150,221.33418621535907,1.8266999977640808,1247.7034000039566,166.76420798065297
1789791696,100,,Aggregated,61.600000,0.000000,140,340,360,370,410,730,930,980,1200,1200,1200,905,0,140,216.1981766851161,1.8266999977640808,1247.7034000039566,167.67403314917127
1789791697,100,,Aggregated,64.900000,0.000000,140,340,360,380,410,740,900,980,1200,1200,1200,968,0,140,217.23930661166438,1.8266999977640808,1247.7034000039566,168.41322314049586
1789791698,100,,Aggregated,68.100000,0.000000,140,350,370,380,420,730,890,980,1200,1200,1200,1036,0,140,217.82112007720318,1.8266999977640808,1247.7034000039566,169.34942084942085
1789791699,100,,Aggregated,71.200000,0.000000,140,350,370,380,420,740,890,970,1200,1200,1200,1120,0,140,218.6964332141932,1.8266999977640808,1247.7034000039566,168.46964285714284
1789791700,100,,Aggregated,72.200000,0.000000,140,350,370,380,420,740,880,970,1200,1200,1200,1197,0,140,218.53314837089852,1.8266999977640808,1247.7034000039566,167.8421052631579
1789791701,100,,Aggregated,72.500000,0.000000,130,350,370,380,420,740,860,960,1200,1200,1200,1277,0,130,216.47579483156397,1.8266999977640808,1247.7034000039566,167.30070477682068
1789791702,100,,Aggregated,73.300000,0.000000,130,350,360,380,420,720,850,960,1200,1200,1200,1343,0,130,215.03397565150314,1.8266999977640808,1247.7034000039566,169.3380491437081
1789791703,100,,Aggregated,74.500000,0.000000,130,350,370,380,420,720,850,950,1200,1200,1200,1425,0,130,214.93397445611967,1.8266999977640808,1247.7034000039566,168.58666666666667
1789791704,100,,Aggregated,75.100000,0.000000,130,350,370,380,420,720,850,950,1200,1200,1200,1489,0,130,214.97434331770674,1.8266999977640808,1247.7034000039566,169.65748824714572
1789791705,100,,Aggregated,74.000000,0.000000,130,350,370,380,420,730,840,940,1200,1200,1200,1581,0,130,216.38579544584618,1.8266999977640808,1247.7034000039566,168.70967741935485
1789791706,100,,Aggregated,74.400000,0.000000,140,350,370,380,420,730,840,940,1200,1200,1200,1652,0,140,216.05724128323,1.7692999972496182,1247.7034000039566,169.35593220338984
1789791707,100,,Aggregated,74.000000,0.000000,130,350,370,380,420,720,840,930,1200,1200,1200,1716,0,130,215.35079627032425,1.7692999972496182,1247.7034000039566,171.08449883449885
1789791708,100,,Aggregated,74.500000,0.000000,130,350,370,380,420,720,840,930,1200,1200,1200,1790,0,130,214.77285720656403,1.7692999972496182,1247.7034000039566,171.06480446927375
1789791709,100,,Aggregated,73.600000,0.000000,140,350,370,380,430,720,840,940,1200,1200,1200,1865,0,140,216.21058187664403,1.7692999972496182,1247.7034000039566,170.07560321715818
1789791710,100,,Aggregated,74.200000,0.000000,140,350,370,380,430,720,840,950,1200,1200,1200,1942,0,140,217.3675810504434,1.7692999972496182,1247.7034000039566,170.71060762100927
1789791711,100,,Aggregated,73.500000,0.000000,140,350,370,380,420,720,840,940,1100,1200,1200,2015,0,140,216.6203512158476,1.7692999972496182,1247.7034000039566,171.2665012406948
1789791712,100,,Aggregated,74.000000,0.000000,140,350,370,380,430,720,840,940,1100,1200,1200,2090,0,140,217.28873086121806,1.7692999972496182,1247.7034000039566,170.5933014354067
1789791713,100,,Aggregated,73.200000,0.000000,140,350,370,380,430,730,850,950,1100,1200,1200,2165,0,140,218.11106665132246,1.7692999972496182,1247.7034000039566,171.0581986143187
1789791714,100,,Aggregated,72.700000,0.000000,140,350,370,380,430,730,840,940,1100,1200,1200,2241,0,140,218.26737001336977,1.7692999972496182,1247.7034000039566,171.0267737617135
1789791715,100,,Aggregated,74.000000,0.000000,130,350,370,380,430,730,840,940,1100,1200,1200,2315,0,130,218.01313745139768,1.7692999972496182,1247.7034000039566,171.54038876889848
1789791716,100,,Aggregated,74.100000,0.000000,130,350,370,390,430,730,840,940,1100,1200,1200,2389,0,130,218.13512373373655,1.7692999972496182,1247.7034000039566,172.07367099204689
1789791717,100,,Aggregated,74.100000,0.000000,130,350,370,390,430,720,840,930,1100,1200,1200,2470,0,130,216.8590493522149,1.7692999972496182,1247.7034000039566,171.7753036437247
1789791718,100,,Aggregated,73.200000,0.000000,130,350,370,380,430,720,840,930,1100,1200,1200,2537,0,130,216.10031683092882,1.7692999972496182,1247.7034000039566,172.84233346472212
1789791719,100,,Aggregated,73.400000,0.000000,120,350,370,380,430,730,840,930,1100,1200,1200,2627,0,120,216.6215435858443,1.7692999972496182,1247.7034000039566,172.73011039208222
1789791720,100,,Aggregated,73.900000,0.000000,130,350,370,390,430,730,840,930,1100,1200,1200,2693,0,130,216.92091292234832,1.7692999972496182,1247.7034000039566,173.30226513182325
1789791721,100,,Aggregated,75.100000,0.000000,120,350,370,380,430,720,840,920,1100,1200,1200,2768,0,120,216.1511667629615,1.7692999972496182,1247.7034000039566,174.11235549132948
1789791722,100,,Aggregated,74.600000,0.000000,120,350,370,380,430,720,840,910,1100,1200,1200,2843,0,120,215.46945163556805,1.7692999972496182,1247.7034000039566,175.1062258177981
1789791723,100,,Aggregated,74.900000,0.000000,130,350,370,380,430,720,840,920,1100,1200,1200,2914,0,130,216.18586317781492,1.7692999972496182,1247.7034000039566,175.4070006863418
1789791724,100,,Aggregated,74.800000,0.000000,130,350,370,380,430,720,840,930,1100,1200,1200,2982,0,130,216.14074664659898,1.7692999972496182,1247.7034000039566,176.07176391683433
1789791725,100,,Aggregated,75.400000,0.000000,130,350,370,390,440,730,850,940,1100,1200,1200,3077,0,130,217.70756922331475,1.7692999972496182,1247.7034000039566,176.08774780630483
1789791726,100,,Aggregated,73.500000,0.000000,130,350,370,390,440,720,840,930,1100,1200,1200,3144,0,130,217.27325168575666,1.7692999972496182,1247.7034000039566,176.68893129770993
1789791727,100,,Aggregated,74.800000,0.000000,130,350,370,390,440,720,840,930,1100,1200,1200,3220,0,130,217.26227229816647,1.7404000100214034,1247.7034000039566,176.78136645962732
1789791728,100,,Aggregated,75.400000,0.000000,120,350,370,390,440,720,840,930,1100,1200,1200,3301,0,120,216.94183992729967,1.7404000100214034,1247.7034000039566,176.2844592547713
1789791729,100,,Aggregated,75.100000,0.000000,120,350,370,390,440,720,850,930,1100,1200,1200,3376,0,120,216.32130980454292,1.7404000100214034,1247.7034000039566,176.59034360189574
1789791730,100,,Aggregated,74.500000,0.000000,120,350,370,390,440,720,840,930,1100,1200,1200,3446,0,120,215.7138861868897,1.7404000100214034,1247.7034000039566,176.57196749854904
1789791731,100,,Aggregated,75.100000,0.000000,120,350,370,390,440,720,840,920,1100,1200,1200,3519,0,120,215.8549588235524,1.7404000100214034,1247.7034000039566,177.39784029553851
1789791732,100,,Aggregated,74.700000,0.000000,120,350,370,390,440,720,840,920,1100,1200,1200,3591,0,120,215.37397744361357,1.7404000100214034,1247.7034000039566,177.80284043441938
1789791733,100,,Aggregated,74.400000,0.000000,120,350,370,390,440,720,840,920,1100,1200,1200,3671,0,120,215.26419643151564,1.7404000100214034,1247.7034000039566,177.82211931353854
1789791734,100,,Aggregated,74.400000,0.000000,120,350,370,380,440,720,840,910,1100,1200,1200,3749,0,120,215.18024099763826,1.7404000100214034,1247.7034000039566,177.94211789810618
1789791735,100,,Aggregated,73.700000,0.000000,120,350,370,380,430,710,840,910,1100,1200,1200,3823,0,120,214.78183209525525,1.7404000100214034,1247.7034000039566,178.3818990321737
1789791736,100,,Aggregated,75.600000,0.000000,120,350,370,380,440,710,840,910,1100,1200,1200,3902,0,120,214.79102501284893,1.7404000100214034,1247.7034000039566,178.2237314197847
1789791737,100,,Aggregated,75.000000,0.000000,120,350,370,390,440,700,840,910,1100,1200,1200,3963,0,120,215.1187704768771,1.7404000100214034,1247.7034000039566,178.76381529144587
1789791738,100,,Aggregated,74.100000,0.000000,120,350,370,380,440,710,840,910,1100,1200,1200,4043,0,120,215.1528300766193,1.7404000100214034,1247.7034000039566,178.89413801632452
1789791739,100,,Aggregated,75.200000,0.000000,120,350,370,380,440,710,840,910,1100,1200,1200,4110,0,120,214.34475486609352,1.7404000100214034,1247.7034000039566,178.86058394160585
1789791741,100,,Aggregated,73.800000,0.000000,110,350,370,380,440,710,840,910,1100,1200,1200,4207,0,110,214.24174516278103,1.7404000100214034,1247.7034000039566,178.9809840741621
1789791742,100,,Aggregated,73.200000,0.000000,110,350,370,380,440,710,840,910,1100,1200,1200,4277,0,110,214.32438512971402,1.7404000100214034,1247.7034000039566,179.5447743745616
1789791743,100,,Aggregated,75.500000,0.000000,110,350,370,380,440,710,840,910,1100,1200,1200,4352,0,110,214.23918120395308,1.7404000100214034,1247.7034000039566,179.99977022058823
1789791744,100,,Aggregated,75.300000,0.000000,110,350,370,380,440,710,840,910,1100,1200,1200,4424,0,110,214.03912249090493,1.7404000100214034,1247.7034000039566,180.22762206148283
1789791745,100,,Aggregated,74.900000,0.000000,110,350,370,380,440,710,840,900,1100,1200,1200,4508,0,110,213.96970392633813,1.7404000100214034,1247.7034000039566,180.31610470275066
1789791746,100,,Aggregated,74.200000,0.000000,110,350,370,380,440,720,840,900,1100,1200,1200,4578,0,110,214.00513746171487,1.6404000052716583,1247.7034000039566,180.32394058540848
1789791747,100,,Aggregated,75.200000,0.000000,110,350,370,380,440,720,840,900,1100,1200,1200,4655,0,110,213.76924030071376,1.6404000052716583,1247.7034000039566,181.11170784103115
1789791748,100,,Aggregated,74.900000,0.000000,110,350,370,390,440,710,840,900,1100,1200,1200,4725,0,110,214.29433255021524,1.6404000052716583,1247.7034000039566,181.5940740740741
1789791749,100,,Aggregated,74.500000,0.000000,110,350,370,390,440,710,840,900,1100,1200,1200,4797,0,110,213.97880954758907,1.6404000052716583,1247.7034000039566,181.87221179904105
1789791750,100,,Aggregated,75.600000,0.000000,110,350,370,390,440,700,840,900,1100,1200,1200,4872,0,110,213.63754146136336,1.6404000052716583,1247.7034000039566,182.20730706075534
1789791751,100,,Aggregated,74.500000,0.000000,110,350,370,390,440,700,830,900,1100,1200,1200,4942,0,110,213.55751533789297,1.6404000052716583,1247.7034000039566,182.5951031970862
1789791752,100,,Aggregated,75.400000,0.000000,110,350,370,390,440,710,830,890,1000,1200,1200,5028,0,110,213.6869967979183,1.6404000052716583,1247.7034000039566,183.12012728719174
1789791753,100,,Aggregated,73.200000,0.000000,110,350,370,390,440,710,830,890,1000,1200,1200,5101,0,110,213.91025128404925,1.6404000052716583,1247.7034000039566,183.25798862968045
1789791754,100,,Aggregated,74.400000,0.000000,110,350,370,390,440,710,830,890,1000,1200,1200,5166,0,110,213.87469130850567,1.6404000052716583,1247.7034000039566,183.85017421602788
1789791755,100,,Aggregated,74.700000,0.000000,110,350,370,390,440,700,830,890,1000,1200,1200,5242,0,110,213.83542645933073,1.6404000052716583,1247.7034000039566,184.09118657001144
1789791756,100,,Aggregated,73.900000,0.000000,110,350,370,390,440,710,830,890,1000,1200,1200,5314,0,110,214.45223603681396,1.6404000052716583,1247.7034000039566,184.1345502446368
1789791757,100,,Aggregated,73.000000,0.000000,110,350,370,390,450,710,830,900,1100,1200,1200,5372,0,110,215.649451824201,1.6404000052716583,1247.7034000039566,183.98901712583768
1789791758,100,,Aggregated,73.600000,0.000000,110,350,380,390,450,710,840,910,1100,1200,1200,5451,0,110,216.63383826815524,1.6404000052716583,1247.7034000039566,184.47550908090258
1789791759,100,,Aggregated,72.100000,0.000000,120,350,380,390,460,720,840,910,1100,1200,1200,5526,0,120,218.17001254067785,1.6404000052716583,1247.7034000039566,184.36934491494753
1789791760,100,,Aggregated,72.400000,0.000000,120,350,380,390,460,720,840,920,1100,1200,1200,5593,0,120,218.29345746467112,1.6404000052716583,1247.7034000039566,184.5590917217951
1789791761,100,,Aggregated,72.100000,0.000000,120,350,380,390,460,710,840,920,1100,1200,1200,5663,0,120,218.46044259224178,1.6404000052716583,1247.7034000039566,184.51757019247748
1789791762,100,,Aggregated,72.100000,0.000000,120,350,380,390,460,710,840,920,1100,1200,1200,5742,0,120,218.43246569138702,1.6404000052716583,1247.7034000039566,184.43033786137235
1789791763,100,,Aggregated,71.200000,0.000000,120,350,380,390,460,710,840,920,1100,1200,1200,5814,0,120,218.710837581704,1.6404000052716583,1247.7034000039566,184.77313381492948
1789791764,100,,Aggregated,71.300000,0.000000,120,350,380,390,460,720,840,920,1100,1200,1200,5893,0,120,219.66659901578123,1.6404000052716583,1247.7034000039566,184.47632784659766
1789791765,100,,Aggregated,71.100000,0.000000,120,350,380,400,460,720,840,920,1100,1200,1200,5953,0,120,220.12226222072883,1.6404000052716583,1247.7034000039566,184.53720813035443
1789791766,100,,Aggregated,71.900000,0.000000,120,350,380,400,460,720,840,930,1100,1200,1200,6032,0,120,220.2574190981572,1.6404000052716583,1247.7034000039566,184.36886604774537
1789791767,100,,Aggregated,71.700000,0.000000,120,350,380,400,460,710,840,930,1100,1200,1200,6105,0,120,220.00397788699664,1.6404000052716583,1247.7034000039566,184.94168714168714
1789791768,100,,Aggregated,70.900000,0.000000,120,350,380,390,460,720,840,930,1100,1200,1200,6180,0,120,219.69193966023101,1.6404000052716583,1247.7034000039566,184.92038834951455
1789791769,100,,Aggregated,72.200000,0.000000,120,350,380,390,460,710,840,920,1100,1200,1200,6260,0,120,219.33054677320467,1.6404000052716583,1247.7034000039566,184.90670926517572
1789791770,100,,Aggregated,72.400000,0.000000,120,350,380,390,460,710,840,920,1100,1200,1200,6333,0,120,219.12262327494258,1.6404000052716583,1247.7034000039566,185.0707405652929
1789791771,100,,Aggregated,73.700000,0.000000,120,350,380,390,460,710,840,920,1100,1200,1200,6410,0,120,219.18953496103927,1.6404000052716583,1247.7034000039566,185.48034321372856
1789791772,100,,Aggregated,73.800000,0.000000,120,350,380,390,460,710,840,920,1100,1200,1200,6484,0,120,218.8363629087474,1.6404000052716583,1247.7034000039566,185.85194324491056
1789791773,100,,Aggregated,74.300000,0.000000,120,350,380,390,460,710,840,920,1100,1200,1200,6567,0,120,218.5721546216292,1.6404000052716583,1247.7034000039566,185.74554591137505
1789791774,100,,Aggregated,73.200000,0.000000,120,350,380,390,460,710,840,920,1100,1200,1200,6635,0,120,218.57202283350014,1.6404000052716583,1247.7034000039566,185.97121326299924
1789791775,100,,Aggregated,74.800000,0.000000,120,350,380,390,460,710,840,910,1100,1200,1200,6714,0,120,218.45417198393295,1.6404000052716583,1247.7034000039566,185.91361334524873
1789791776,100,,Aggregated,74.000000,0.000000,120,350,380,390,460,710,840,910,1100,1200,1200,6792,0,120,218.55651411960687,1.6404000052716583,1247.7034000039566,186.14517078916373
1789791777,100,,Aggregated,74.500000,0.000000,120,350,380,390,460,710,840,910,1100,1200,1200,6860,0,120,218.20933263855457,1.6404000052716583,1247.7034000039566,186.40597667638485
1789791778,100,,Aggregated,75.100000,0.000000,120,350,380,390,460,710,840,910,1100,1200,1200,6929,0,120,217.75434904033284,1.6404000052716583,1247.7034000039566,186.59402511184877
1789791779,100,,Aggregated,75.800000,0.000000,120,350,380,390,460,710,840,910,1100,1200,1200,7009,0,120,217.95175230421103,1.6404000052716583,1247.7034000039566,187.03495505778284
1789791780,100,,Aggregated,74.800000,0.000000,120,350,380,390,460,710,840,910,1100,1200,1200,7075,0,120,218.61817132160414,1.6404000052716583,1247.7034000039566,186.86204946996466
1789791781,100,,Aggregated,74.000000,0.000000,120,350,380,390,460,710,840,920,1100,1200,1200,7156,0,120,219.23527526554025,1.6404000052716583,1247.7034000039566,186.86668529904975
1789791782,100,,Aggregated,73.500000,0.000000,120,350,380,390,460,710,840,920,1100,1200,1200,7235,0,120,219.6592873393382,1.6404000052716583,1247.7034000039566,187.09675190048375
1789791783,100,,Aggregated,74.300000,0.000000,120,350,380,390,460,710,840,920,1100,1200,1200,7309,0,120,219.35893773431738,1.6404000052716583,1247.7034000039566,187.54494458886305
1789791784,100,,Aggregated,74.900000,0.000000,120,350,380,390,460,710,840,920,1100,1200,1200,7387,0,120,219.1272562068769,1.6404000052716583,1247.7034000039566,188.10423717341274
1789791785,100,,Aggregated,73.300000,0.000000,120,350,380,390,460,710,840,920,1100,1200,1200,7462,0,120,218.86697112037226,1.6404000052716583,1247.7034000039566,187.973063521844
1789791786,100,,Aggregated,74.800000,0.000000,120,350,380,390,460,710,840,920,1100,1200,1200,7537,0,120,218.82816204063184,1.6404000052716583,1247.7034000039566,188.3695104152846
1789791787,100,,Aggregated,74.100000,0.000000,120,350,380,390,460,710,840,920,1100,1200,1200,7604,0,120,218.8059185429186,1.6404000052716583,1247.7034000039566,188.37874802735402
1789791788,100,,Aggregated,74.000000,0.000000,120,350,380,390,460,710,840,920,1100,1200,1200,7691,0,120,219.12386818365908,1.6404000052716583,1247.7034000039566,188.39487712911196
1789791789,100,,Aggregated,73.600000,0.000000,120,350,380,390,460,710,840,920,1100,1200,1200,7756,0,120,218.70649743428882,1.6404000052716583,1247.7034000039566,188.7806859205776
1789791790,100,,Aggregated,74.500000,0.000000,120,350,380,390,460,710,840,920,1100,1200,1200,7837,0,120,218.28640811540438,1.6404000052716583,1247.7034000039566,189.18323338011993
1789791791,100,,Aggregated,74.900000,0.000000,120,350,380,390,460,700,840,910,1100,1200,1200,7910,0,120,217.93738371687004,1.568699983181432,1247.7034000039566,189.45726927939316
1789791792,100,,Aggregated,75.200000,0.000000,120,350,380,390,450,700,830,910,1100,1200,1200,7983,0,120,217.74071797577213,1.568699983181432,1247.7034000039566,189.56307152699486
1789791793,100,,Aggregated,75.000000,0.000000,120,350,380,390,450,700,830,910,1100,1200,1200,8056,0,120,217.7629696500256,1.568699983181432,1247.7034000039566,189.73522840119165
1789791794,100,,Aggregated,74.500000,0.000000,120,350,380,390,460,710,840,910,1100,1200,1200,8139,0,120,218.14157992391077,1.568699983181432,1247.7034000039566,189.65069418847526
1789791795,100,,Aggregated,73.300000,0.000000,120,350,380,390,450,710,840,910,1100,1200,1200,8210,0,120,218.04822345928787,1.568699983181432,1247.7034000039566,189.94884287454323
1789791796,100,,Aggregated,74.400000,0.000000,120,350,380,390,450,710,840,910,1100,1200,1200,8292,0,120,217.8223373975758,1.568699983181432,1247.7034000039566,190.22961890979258
1789791797,100,,Aggregated,75.500000,0.000000,120,350,380,390,450,700,840,910,1100,1200,1200,8361,0,120,217.4508567875301,1.568699983181432,1247.7034000039566,190.45951441215166
1789791798,100,,Aggregated,75.000000,0.000000,120,350,380,390,450,700,830,910,1100,1200,1200,8431,0,120,217.25777441591833,1.568699983181432,1247.7034000039566,190.84402799193452
1789791799,100,,Aggregated,75.100000,0.000000,120,350,380,390,450,700,830,910,1100,1200,1200,8514,0,120,217.37369443276535,1.568699983181432,1247.7034000039566,190.84660559079163
1789791800,100,,Aggregated,73.900000,0.000000,120,350,370,390,450,700,840,910,1100,1200,1200,8600,0,120,217.29205220936038,1.568699983181432,1247.7034000039566,190.61872093023257
1789791801,100,,Aggregated,73.900000,0.000000,120,350,370,390,450,700,830,910,1100,1200,1200,8672,0,120,217.09231066658649,1.568699983181432,1247.7034000039566,191.24769372693726
1789791802,100,,Aggregated,75.700000,0.000000,120,350,370,390,450,700,830,910,1100,1200,1200,8733,0,120,216.90280273680935,1.568699983181432,1247.7034000039566,191.73743272643995
1789791803,100,,Aggregated,75.300000,0.000000,110,350,370,390,450,700,830,910,1100,1200,1200,8822,0,110,216.84194699621682,1.568699983181432,1247.7034000039566,191.85819542053957
1789791804,100,,Aggregated,74.500000,0.000000,110,350,370,390,450,700,830,910,1100,1200,1200,8897,0,110,216.71625092734143,1.568699983181432,1247.7034000039566,192.3908058896257
1789791805,100,,Aggregated,75.800000,0.000000,120,350,370,390,450,700,830,910,1100,1200,1200,8963,0,120,216.8098638626174,1.568699983181432,1247.7034000039566,192.52058462568337
1789791806,100,,Aggregated,75.200000,0.000000,120,350,370,390,450,700,830,910,1100,1200,1200,9039,0,120,216.72245554827367,1.568699983181432,1247.7034000039566,192.72386325921008
1789791807,100,,Aggregated,74.200000,0.000000,110,350,370,390,450,700,830,900,1100,1200,1200,9126,0,110,216.54788839588866,1.568699983181432,1247.7034000039566,192.73570019723866
1789791808,100,,Aggregated,75.300000,0.000000,110,350,370,390,450,700,830,900,1100,1200,1200,9192,0,110,216.47654704100157,1.568699983181432,1247.7034000039566,192.86760226283724
1789791809,100,,Aggregated,75.300000,0.000000,110,350,370,390,450,700,830,900,1100,1200,1200,9272,0,110,216.59177300483628,1.568699983181432,1247.7034000039566,193.2525884383089
1789791810,100,,Aggregated,76.700000,0.000000,110,350,370,390,450,700,830,900,1100,1200,1200,9347,0,110,216.46817783255776,1.568699983181432,1247.7034000039566,193.47362790200063
1789791811,100,,Aggregated,76.100000,0.000000,110,350,370,390,450,700,830,900,1100,1200,1200,9426,0,110,216.23478964575358,1.568699983181432,1247.7034000039566,193.7246976448122
1789791812,100,,Aggregated,75.400000,0.000000,110,350,370,390,450,700,830,900,1100,1200,1200,9497,0,110,216.24480657060636,1.568699983181432,1247.7034000039566,193.8898599557755
1789791813,100,,Aggregated,74.700000,0.000000,110,350,370,390,450,700,830,900,1100,1200,1200,9569,0,110,216.1669506219202,1.568699983181432,1247.7034000039566,193.55763402654404
1789791814,100,,Aggregated,76.500000,0.000000,110,350,370,390,450,700,830,900,1100,1200,1200,9641,0,110,216.01211181425685,1.568699983181432,1247.7034000039566,193.92853438439997
1789791815,100,,Aggregated,75.700000,0.000000,110,350,370,390,450,700,830,900,1100,1200,1200,9719,0,110,215.96062517760353,1.568699983181432,1247.7034000039566,194.16709538018316
1789791816,100,,Aggregated,74.900000,0.000000,110,350,370,390,450,700,830,900,1100,1200,1200,9796,0,110,215.8663832585975,1.568699983181432,1247.7034000039566,194.50796243364638
1789791817,100,,Aggregated,74.900000,0.000000,110,350,370,390,450,700,830,900,1100,1200,1200,9872,0,110,215.70446456655785,1.568699983181432,1247.7034000039566,194.84471231766614
1789791818,100,,Aggregated,75.100000,0.000000,110,350,370,390,450,700,830,900,1100,1200,1200,9941,0,110,215.5179615733787,1.568699983181432,1247.7034000039566,195.08017302082285
1789791819,100,,Aggregated,74.700000,0.000000,110,350,370,390,450,700,830,890,1100,1200,1200,10014,0,110,215.29924123237438,1.568699983181432,1247.7034000039566,195.25214699420812
1789791820,100,,Aggregated,74.300000,0.000000,110,350,370,390,450,690,830,900,1100,1200,1200,10096,0,110,215.1008314184882,1.568699983181432,1247.7034000039566,195.62608954041204
1789791821,100,,Aggregated,74.400000,0.000000,110,350,370,390,450,700,830,900,1100,1200,1200,10169,0,110,215.3824095979064,1.568699983181432,1247.7034000039566,195.88868128626217
1789791822,100,,Aggregated,73.600000,0.000000,110,350,370,390,450,700,830,900,1100,1200,1200,10252,0,110,215.30544219674226,1.568699983181432,1247.7034000039566,196.34383534920016
1789791823,100,,Aggregated,74.000000,0.000000,110,350,370,390,450,700,830,900,1100,1200,1200,10323,0,110,215.15271638098648,1.568699983181432,1247.7034000039566,196.57454228421972
1789791824,100,,Aggregated,74.000000,0.000000,110,350,370,390,450,700,830,900,1100,1200,1200,10396,0,110,215.263044257489,1.568699983181432,1247.7034000039566,196.63755290496346
1789791825,100,,Aggregated,75.700000,0.000000,110,350,370,390,450,700,830,900,1100,1200,1200,10472,0,110,215.18290033430944,1.568699983181432,1247.7034000039566,197.22116119174942
1789791826,100,,Aggregated,74.700000,0.000000,110,350,370,390,450,700,830,900,1100,1200,1200,10558,0,110,215.16724533064476,1.568699983181432,1247.7034000039566,197.20969880659214
1789791827,100,,Aggregated,74.600000,0.000000,110,350,370,390,450,700,830,900,1100,1200,1200,10630,0,110,214.9795801976466,1.568699983181432,1247.7034000039566,197.0884289746002
1789791828,100,,Aggregated,74.200000,0.000000,110,350,370,390,450,690,830,900,1100,1200,1200,10706,0,110,214.76215896701822,1.568699983181432,1247.7034000039566,197.29348029142537
1789791829,100,,Aggregated,74.900000,0.000000,110,350,370,390,450,690,830,900,1100,1200,1200,10786,0,110,214.58035636019588,1.568699983181432,1247.7034000039566,197.72501390691636
1789791830,100,,Aggregated,75.800000,0.000000,110,350,370,390,450,700,830,890,1100,1200,1200,10861,0,110,214.70401379256108,1.568699983181432,1247.7034000039566,197.77764478408986
1789791831,100,,Aggregated,75.500000,0.000000,110,350,370,390,450,690,830,890,1100,1200,1200,10928,0,110,214.47668926621,1.568699983181432,1247.7034000039566,198.14970717423134
1789791832,100,,Aggregated,75.300000,0.000000,110,350,370,390,450,690,830,890,1100,1200,1200,11017,0,110,214.5933679677862,1.568699983181432,1247.7034000039566,198.03667059998185
1789791833,100,,Aggregated,75.900000,0.000000,110,350,370,390,450,690,830,890,1100,1200,1200,11083,0,110,214.52860562132943,1.568699983181432,1247.7034000039566,197.98790941080935
1789791834,100,,Aggregated,75.700000,0.000000,110,350,370,390,450,690,830,890,1100,1200,1200,11155,0,110,214.32296398932982,1.568699983181432,1247.7034000039566,198.5427162707306
1789791835,100,,Aggregated,74.900000,0.000000,110,350,370,390,450,690,830,890,1100,1200,1200,11235,0,110,214.22775548740154,1.568699983181432,1247.7034000039566,198.39448153093014
1789791836,100,,Aggregated,75.700000,0.000000,110,350,370,390,450,690,830,890,1100,1200,1200,11309,0,110,214.45610635783865,1.568699983181432,1247.7034000039566,198.12839331505882
1789791837,100,,Aggregated,75.500000,0.000000,110,350,370,390,450,700,830,900,1100,1200,1200,11385,0,110,214.70439555563897,1.568699983181432,1247.7034000039566,198.22872200263504
1789791838,100,,Aggregated,74.900000,0.000000,110,350,370,390,450,690,830,890,1100,1200,1200,11458,0,110,214.31289155182907,1.568699983181432,1247.7034000039566,199.0885843951824
1789791839,100,,Aggregated,75.100000,0.000000,110,350,370,390,440,690,830,890,1100,1200,1200,11537,0,110,214.16479353392577,1.568699983181432,1247.7034000039566,199.20681286296264
1789791840,100,,Aggregated,74.300000,0.000000,110,350,370,390,440,690,830,890,1100,1200,1200,11621,0,110,214.11576341973924,1.568699983181432,1247.7034000039566,199.078220462955
1789791841,100,,Aggregated,74.600000,0.000000,110,350,370,390,440,690,830,890,1100,1200,1200,11687,0,110,214.02607313260305,1.568699983181432,1247.7034000039566,199.0840249850261
1789791842,100,,Aggregated,74.800000,0.000000,110,350,370,390,440,690,830,890,1100,1200,1200,11768,0,110,213.82758977743478,1.568699983181432,1247.7034000039566,199.32877294357579
1789791843,100,,Aggregated,76.200000,0.000000,110,350,370,390,440,690,830,890,1100,1200,1200,11828,0,110,213.7887898546661,1.568699983181432,1247.7034000039566,199.6354413256679
1789791844,100,,Aggregated,74.600000,0.000000,110,350,370,390,440,690,830,890,1100,1200,1200,11915,0,110,213.8388800504458,1.568699983181432,1247.7034000039566,199.6603441040705
1789791845,100,,Aggregated,74.700000,0.000000,110,350,370,390,440,700,830,890,1100,1200,1200,11999,0,110,214.0238019335739,1.568699983181432,1247.7034000039566,199.97149762480205
1789791846,100,,Aggregated,74.300000,0.000000,110,350,370,390,440,700,830,890,1100,1200,1200,12073,0,110,213.93060553308715,1.568699983181432,1247.7034000039566,200.21751014660813
1789791847,100,,Aggregated,75.500000,0.000000,110,350,370,390,440,690,830,890,1100,1200,1200,12143,0,110,213.82957234628742,1.568699983181432,1247.7034000039566,200.3462076916742
1789791848,100,,Aggregated,75.900000,0.000000,110,350,370,390,440,690,830,890,1100,1200,1200,12217,0,110,213.53012866505787,1.568699983181432,1247.7034000039566,200.44020626995172
1789791849,100,,Aggregated,75.600000,0.000000,110,350,370,390,440,690,830,890,1100,1200,1200,12292,0,110,213.47529730725975,1.568699983181432,1247.7034000039566,200.4251545720794
1789791850,100,,Aggregated,75.000000,0.000000,110,350,370,390,440,690,830,890,1100,1200,1200,12373,0,110,213.6374758022346,1.568699983181432,1247.7034000039566,200.70880142245213
1789791851,100,,Aggregated,75.700000,0.000000,110,350,370,390,440,690,830,890,1100,1200,1200,12458,0,110,213.6518278697127,1.568699983181432,1247.7034000039566,200.74835447102262
1789791852,100,,Aggregated,76.100000,0.000000,110,350,370,390,440,690,830,890,1100,1200,1200,12519,0,110,213.7544984344423,1.568699983181432,1247.7034000039566,201.1894720025561
1789791853,100,,Aggregated,74.700000,0.000000,110,350,370,390,440,690,830,890,1100,1200,1200,12591,0,110,213.36434013985013,1.568699983181432,1247.7034000039566,201.22786117067747
1789791854,100,,Aggregated,76.000000,0.000000,110,350,370,390,440,690,830,890,1100,1200,1200,12665,0,110,213.25214283465516,1.568699983181432,1247.7034000039566,201.6030793525464
1789791855,100,,Aggregated,74.300000,0.000000,110,350,370,390,440,690,830,890,1100,1200,1200,12747,0,110,213.18855348715712,1.568699983181432,1247.7034000039566,201.6056326978897
1789791856,100,,Aggregated,75.900000,0.000000,110,350,370,390,440,690,830,890,1100,1200,1200,12818,0,110,213.12625634269958,1.568699983181432,1247.7034000039566,201.59923545014823
1789791857,100,,Aggregated,74.400000,0.000000,110,350,370,390,440,690,830,890,1100,1200,1200,12907,0,110,213.12343701099434,1.568699983181432,1247.7034000039566,202.0519872937166
1789791858,100,,Aggregated,74.700000,0.000000,110,350,370,390,440,690,830,890,1100,1200,1200,12978,0,110,213.0544869549131,1.568699983181432,1247.7034000039566,202.39050701186625
1789791859,100,,Aggregated,75.500000,0.000000,110,350,370,390,440,690,830,890,1100,1200,1200,13045,0,110,212.90180124192923,1.568699983181432,1247.7034000039566,202.6758144883097
1789791860,100,,Aggregated,75.400000,0.000000,110,350,370,390,440,690,820,890,1100,1200,1200,13137,0,110,212.96664319106472,1.568699983181432,1247.7034000039566,202.49227373068433
1789791861,100,,Aggregated,75.700000,0.000000,110,350,370,390,440,690,820,890,1100,1200,1200,13201,0,110,213.0011847209372,1.568699983181432,1247.7034000039566,202.66214680706008
1789791862,100,,Aggregated,73.600000,0.000000,110,350,370,390,440,690,820,890,1100,1200,1200,13279,0,110,212.84613055961717,1.568699983181432,1247.7034000039566,202.91618344754878
1789791863,100,,Aggregated,75.500000,0.000000,110,350,370,390,440,690,820,890,1100,1200,1200,13356,0,110,212.72675518877338,1.568699983181432,1247.7034000039566,203.31049715483678
1789791864,100,,Aggregated,74.500000,0.000000,100,350,370,390,440,690,820,890,1100,1200,1200,13435,0,100,212.55240659481152,1.568699983181432,1247.7034000039566,203.53926311871976
1789791865,100,,Aggregated,76.500000,0.000000,110,350,370,390,440,690,820,890,1100,1200,1200,13507,0,110,212.6465473977339,1.568699983181432,1247.7034000039566,203.70970607832976
1789791866,100,,Aggregated,74.900000,0.000000,100,350,370,390,440,690,820,890,1100,1200,1200,13587,0,100,212.54287814096494,1.568699983181432,1247.7034000039566,203.82917494664017
1789791867,100,,Aggregated,76.600000,0.000000,100,350,370,390,440,690,820,890,1100,1200,1200,13655,0,100,212.53058208725597,1.568699983181432,1247.7034000039566,204.05690223361407
1789791868,100,,Aggregated,76.800000,0.000000,100,350,370,380,440,690,820,890,1100,1200,1200,13730,0,100,212.4893133650071,1.568699983181432,1247.7034000039566,204.29956300072834
1789791869,100,,Aggregated,75.000000,0.000000,100,350,370,380,440,690,820,890,1100,1200,1200,13811,0,100,212.08793929487598,1.568699983181432,1247.7034000039566,204.44602128737964
1789791870,100,,Aggregated,75.100000,0.000000,100,350,370,380,440,690,820,890,1100,1200,1200,13879,0,100,212.11248675708336,1.568699983181432,1247.7034000039566,204.63916708696593
1789791871,100,,Aggregated,74.200000,0.000000,100,350,370,380,440,690,820,880,1100,1200,1200,13959,0,100,212.09119058682782,1.568699983181432,1247.7034000039566,204.34128519234903
1789791872,100,,Aggregated,76.500000,0.000000,100,350,370,380,440,690,820,880,1100,1200,1200,14035,0,100,212.0877812612397,1.568699983181432,1247.7034000039566,204.29618810117563
1789791873,100,,Aggregated,74.300000,0.000000,100,350,370,380,440,690,820,880,1100,1200,1200,14112,0,100,211.96139435952426,1.568699983181432,1247.7034000039566,204.7062783446712
1789791874,100,,Aggregated,74.600000,0.000000,100,350,370,380,440,690,820,880,1100,1200,1200,14180,0,100,211.9086656559659,1.568699983181432,1247.7034000039566,204.78547249647391
1789791875,100,,Aggregated,75.700000,0.000000,100,350,370,380,440,690,820,880,1100,1200,1200,14253,0,100,212.10565645137956,1.568699983181432,1247.7034000039566,205.03872868869712
1789791876,100,,Aggregated,75.400000,0.000000,100,350,370,380,440,690,820,890,1100,1200,1200,14330,0,100,212.20727155628197,1.568699983181432,1247.7034000039566,205.35038381018842
1789791877,100,,Aggregated,74.000000,0.000000,100,350,370,380,440,690,820,880,1100,1200,1200,14408,0,100,212.1298323918293,1.568699983181432,1247.7034000039566,205.49292059966686
1789791878,100,,Aggregated,73.200000,0.000000,100,350,370,380,440,690,820,890,1100,1200,1200,14488,0,100,212.1919137494097,1.568699983181432,1247.7034000039566,206.02823025952512
1789791879,100,,Aggregated,73.600000,0.000000,100,350,370,380,440,690,820,890,1100,1200,1200,14555,0,100,212.26126759199673,1.568699983181432,1247.7034000039566,206.19574029543114
1789791880,100,,Aggregated,74.900000,0.000000,110,350,370,380,440,690,820,890,1100,1200,1200,14632,0,110,212.42739369884788,1.568699983181432,1247.7034000039566,206.36536358665938
1789791881,100,,Aggregated,75.200000,0.000000,110,350,370,380,440,690,820,890,1100,1200,1200,14713,0,110,212.53890567535487,1.568699983181432,1247.7034000039566,206.36246856521444
1789791882,100,,Aggregated,73.800000,0.000000,100,350,370,380,440,690,820,890,1100,1200,1200,14793,0,100,212.3419370581619,1.568699983181432,1247.7034000039566,206.30169674846212
1789791883,100,,Aggregated,74.000000,0.000000,100,350,370,380,440,690,820,890,1100,1200,1200,14863,0,100,212.19467805970748,1.568699983181432,1247.7034000039566,206.40489806903048
1789791884,100,,Aggregated,75.400000,0.000000,100,350,370,380,440,690,820,890,1100,1200,1200,14929,0,100,212.17586631397924,1.568699983181432,1247.7034000039566,206.75276307857192
1789791885,100,,Aggregated,74.300000,0.000000,100,350,370,380,440,690,820,890,1100,1200,1200,15005,0,100,212.18366308572192,1.568699983181432,1247.7034000039566,207.0531822725758
1789791886,100,,Aggregated,74.800000,0.000000,100,350,370,380,440,690,820,890,1100,1200,1200,15088,0,100,212.0995715337571,1.568699983181432,1247.7034000039566,207.00821845174974
1789791887,100,,Aggregated,74.100000,0.000000,100,350,370,380,440,690,820,890,1100,1200,1200,15170,0,100,212.246373652021,1.568699983181432,1247.7034000039566,207.130454845089
1789791888,100,,Aggregated,74.700000,0.000000,100,350,370,380,440,690,820,890,1100,1200,1200,15242,0,100,212.1695437476022,1.568699983181432,1247.7034000039566,207.3261383020601
1789791889,100,,Aggregated,75.400000,0.000000,100,350,370,380,440,690,820,890,1100,1200,1200,15310,0,100,212.01955745923019,1.568699983181432,1247.7034000039566,207.519399085565
1789791891,100,,Aggregated,75.600000,0.000000,100,350,370,380,440,690,820,890,1100,1200,1200,15393,0,100,212.00946701753236,1.568699983181432,1247.7034000039566,207.59533554212953
1789791892,100,,Aggregated,75.100000,0.000000,100,350,370,380,440,690,820,890,1100,1200,1200,15473,0,100,211.808122465,1.568699983181432,1247.7034000039566,208.06624442577393
1789791893,100,,Aggregated,76.000000,0.000000,100,350,370,380,440,690,820,880,1100,1200,1200,15553,0,100,211.8723375105071,1.568699983181432,1247.7034000039566,208.49919629653442
1789791894,100,,Aggregated,76.000000,0.000000,100,350,370,380,440,690,820,880,1100,1200,1200,15623,0,100,211.81169148697205,1.568699983181432,1247.7034000039566,208.69026435383728
1789791895,100,,Aggregated,75.500000,0.000000,100,350,370,380,440,690,820,880,1100,1200,1200,15697,0,100,211.73723025424795,1.568699983181432,1247.7034000039566,208.64929604383002
1789791896,100,,Aggregated,75.700000,0.000000,100,350,370,380,440,690,820,880,1100,1200,1200,15767,0,100,211.7258315659953,1.568699983181432,1247.7034000039566,208.6523117904484
1789791897,100,,Aggregated,76.500000,0.000000,100,350,370,380,440,690,820,880,1100,1200,1200,15835,0,100,211.67623237771892,1.568699983181432,1247.7034000039566,208.9202399747395
1789791898,100,,Aggregated,75.700000,0.000000,100,350,370,380,440,690,820,880,1100,1200,1200,15925,0,100,211.64302313349532,1.568699983181432,1247.7034000039566,208.9075667189953
1789791899,100,,Aggregated,74.500000,0.000000,100,350,370,380,440,690,820,880,1100,1200,1200,16003,0,100,211.63697419240242,1.568699983181432,1247.7034000039566,209.3816784352934
1789791900,100,,Aggregated,74.900000,0.000000,100,350,370,380,440,690,820,880,1100,1200,1200,16071,0,100,211.71120359659787,1.568699983181432,1247.7034000039566,209.47408375334453
1789791901,100,,Aggregated,74.700000,0.000000,100,350,370,380,440,690,820,880,1100,1200,1200,16157,0,100,211.58130676492556,1.568699983181432,1247.7034000039566,209.93228941016278
1789791902,100,,Aggregated,75.300000,0.000000,100,350,370,380,440,690,820,880,1100,1200,1200,16222,0,100,211.55136472697467,1.568699983181432,1247.7034000039566,209.99445197879422
1789791903,100,,Aggregated,75.800000,0.000000,100,350,370,380,440,690,820,880,1100,1200,1200,16301,0,100,211.65513550094462,1.568699983181432,1247.7034000039566,209.94877614870254
1789791904,100,,Aggregated,74.500000,0.000000,100,350,370,380,440,690,820,880,1100,1200,1200,16372,0,100,211.62099453951055,1.568699983181432,1247.7034000039566,210.2303933545077
1789791905,100,,Aggregated,74.300000,0.000000,100,350,370,380,440,690,820,880,1100,1200,1200,16464,0,100,211.4954304361614,1.568699983181432,1247.7034000039566,209.85920796890184
1789791906,100,,Aggregated,74.100000,0.000000,100,350,370,380,440,690,820,880,1100,1200,1200,16536,0,100,211.4201935232766,1.568699983181432,1247.7034000039566,210.24746008708271
1789791907,100,,Aggregated,75.900000,0.000000,100,350,370,380,440,690,820,880,1100,1200,1200,16609,0,100,211.46606755980426,1.568699983181432,1247.7034000039566,210.17568788006503
1789791908,100,,Aggregated,75.800000,0.000000,100,350,370,380,440,690,820,880,1100,1200,1200,16683,0,100,211.51315777143154,1.568699983181432,1247.7034000039566,210.42810046154767
1789791909,100,,Aggregated,76.600000,0.000000,100,350,370,380,440,690,820,880,1100,1200,1200,16775,0,100,211.49114246204897,1.568699983181432,1247.7034000039566,210.37168405365128
1789791910,100,,Aggregated,74.800000,0.000000,100,350,370,380,440,690,820,880,1100,1200,1200,16852,0,100,211.33076429509535,1.568699983181432,1247.7034000039566,210.37408022786613
1789791911,100,,Aggregated,76.500000,0.000000,100,350,370,380,440,690,820,880,1100,1200,1200,16923,0,100,211.2975483248249,1.568699983181432,1247.7034000039566,210.52437511079594
1789791912,100,,Aggregated,77.600000,0.000000,100,350,370,380,440,690,820,880,1100,1200,1200,16997,0,100,211.1559684709748,1.568699983181432,1247.7034000039566,210.85409189857035
1789791913,100,,Aggregated,75.600000,0.000000,100,350,370,380,440,690,820,880,1100,1200,1200,17070,0,100,211.20321394266668,1.568699983181432,1247.7034000039566,210.9442296426479
1789791914,100,,Aggregated,77.200000,0.000000,100,350,370,380,440,690,820,880,1100,1200,1200,17141,0,100,211.17229635385522,1.568699983181432,1247.7034000039566,211.23610057756258
1789791915,100,,Aggregated,75.700000,0.000000,100,350,370,380,440,690,820,880,1100,1200,1200,17239,0,100,211.21558257447313,1.568699983181432,1247.7034000039566,211.04750855618076
1789791916,100,,Aggregated,76.500000,0.000000,100,350,370,380,440,690,820,880,1100,1200,1200,17311,0,100,211.16086561153537,1.568699983181432,1247.7034000039566,211.06978221939806
1789791917,100,,Aggregated,76.400000,0.000000,100,350,370,380,440,690,820,880,1100,1200,1200,17385,0,100,211.0687749324781,1.568699983181432,1247.7034000039566,211.3290767903365
1789791918,100,,Aggregated,77.100000,0.000000,100,350,370,380,430,690,820,880,1100,1200,1200,17449,0,100,210.95492871804538,1.568699983181432,1247.7034000039566,211.5620379391369
1789791919,100,,Aggregated,76.800000,0.000000,100,350,370,380,440,690,820,880,1100,1200,1200,17524,0,100,210.9373954634278,1.568699983181432,1247.7034000039566,211.7643232138781
1789791920,100,,Aggregated,76.800000,0.000000,100,350,370,380,440,690,820,880,1100,1200,1200,17602,0,100,211.0575657198635,1.568699983181432,1247.7034000039566,211.93767753664358
1789791921,100,,Aggregated,74.200000,0.000000,100,350,370,380,440,690,820,880,1100,1200,1200,17690,0,100,211.0706882589653,1.568699983181432,1247.7034000039566,212.36105144149238
1789791922,100,,Aggregated,75.000000,0.000000,100,350,370,380,440,690,820,880,1100,1200,1200,17763,0,100,211.1038762259318,1.568699983181432,1247.7034000039566,212.49850813488712
1789791923,100,,Aggregated,76.400000,0.000000,100,350,370,380,440,690,820,880,1100,1200,1200,17830,0,100,210.9635078015368,1.568699983181432,1247.7034000039566,212.976668536175
1789791924,100,,Aggregated,75.600000,0.000000,100,350,370,380,440,690,820,880,1100,1200,1200,17905,0,100,210.91298826592993,1.568699983181432,1247.7034000039566,213.27953085730243
1789791925,100,,Aggregated,75.900000,0.000000,100,350,370,380,440,690,820,880,1100,1200,1200,17993,0,100,211.10870601907618,1.568699983181432,1247.7034000039566,213.29139109653755
1789791926,100,,Aggregated,75.400000,0.000000,100,350,370,380,440,690,820,880,1100,1200,1200,18069,0,100,210.9569364160252,1.568699983181432,1247.7034000039566,213.4814876307488
1789791927,100,,Aggregated,74.200000,0.000000,100,350,370,380,440,690,820,880,1100,1200,1200,18149,0,100,210.91468023037518,1.568699983181432,1247.7034000039566,213.48129373519203
1789791928,100,,Aggregated,75.900000,0.000000,100,350,370,380,440,690,820,880,1100,1200,1200,18217,0,100,210.81195985624444,1.568699983181432,1247.7034000039566,213.8494263599934
1789791929,100,,Aggregated,76.100000,0.000000,100,350,370,380,440,690,820,880,1100,1200,1200,18298,0,100,210.8193750574502,1.568699983181432,1247.7034000039566,214.02590447043391
1789791930,100,,Aggregated,76.300000,0.000000,100,350,370,380,440,690,820,880,1100,1200,1200,18369,0,100,210.80384549519877,1.568699983181432,1247.7034000039566,214.38183896782624
1789791931,100,,Aggregated,76.600000,0.000000,100,350,370,380,430,690,820,880,1100,1200,1200,18452,0,100,210.72129549108155,1.568699983181432,1247.7034000039566,214.5343052243659
1789791932,100,,Aggregated,75.200000,0.000000,100,350,370,380,430,690,820,880,1100,1200,1200,18525,0,100,210.7597555952184,1.568699983181432,1247.7034000039566,214.80820512820512
1789791933,100,,Aggregated,75.200000,0.000000,100,350,370,380,430,690,820,880,1100,1200,1200,18606,0,100,210.61664099223424,1.568699983181432,1247.7034000039566,215.2657744813501
1789791934,100,,Aggregated,75.400000,0.000000,100,350,370,380,430,690,820,880,1100,1200,1200,18669,0,100,210.51359039057428,1.568699983181432,1247.7034000039566,215.70437623868446
1789791935,100,,Aggregated,76.000000,0.000000,100,350,370,380,430,690,820,880,1100,1200,1200,18741,0,100,210.58357149574005,1.568699983181432,1247.7034000039566,215.8248225815058
1789791936,100,,Aggregated,76.300000,0.000000,100,350,370,380,440,690,820,880,1100,1200,1200,18825,0,100,210.78543875174347,1.568699983181432,1247.7034000039566,215.73083665338646
1789791937,100,,Aggregated,75.900000,0.000000,100,350,370,380,440,690,820,880,1100,1200,1200,18900,0,100,210.67351448685423,1.568699983181432,1247.7034000039566,215.77380952380952
1789791938,100,,Aggregated,74.900000,0.000000,100,350,370,380,430,690,820,880,1100,1200,1200,18983,0,100,210.5282766844757,1.568699983181432,1247.7034000039566,216.12237264921245
1789791939,100,,Aggregated,74.200000,0.000000,100,350,370,380,430,690,820,880,1100,1200,1200,19051,0,100,210.49326065831494,1.568699983181432,1247.7034000039566,216.38906094168286
1789791940,100,,Aggregated,75.300000,0.000000,100,350,370,380,440,690,820,880,1100,1200,1200,19139,0,100,210.5599002822332,1.568699983181432,1247.7034000039566,216.36543184074404
1789791941,100,,Aggregated,76.600000,0.000000,100,350,370,380,440,690,820,880,1100,1200,1200,19216,0,100,210.53022327756395,1.568699983181432,1247.7034000039566,216.6285387177352
1789791942,100,,Aggregated,76.000000,0.000000,100,350,370,380,430,690,820,880,1100,1200,1200,19285,0,100,210.45517093603718,1.568699983181432,1247.7034000039566,216.92237490277418
1789791943,100,,Aggregated,76.300000,0.000000,100,350,370,380,430,690,820,880,1100,1200,1200,19363,0,100,210.41120868158526,1.568699983181432,1247.7034000039566,217.30119299695295
1789791944,100,,Aggregated,75.600000,0.000000,100,350,370,380,430,690,820,880,1100,1200,1200,19443,0,100,210.42265247654723,1.568699983181432,1247.7034000039566,217.50789487219052
1789791945,100,,Aggregated,75.500000,0.000000,100,350,370,380,430,690,820,880,1100,1200,1200,19516,0,100,210.4221974329579,1.568699983181432,1247.7034000039566,217.76398852223815
1789791946,100,,Aggregated,76.000000,0.000000,100,350,370,380,430,690,810,880,1100,1200,1200,19592,0,100,210.3525242344638,1.568699983181432,1247.7034000039566,217.953858717844
1789791947,100,,Aggregated,76.500000,0.000000,100,350,370,380,430,690,810,880,1100,1200,1200,19670,0,100,210.27810829698444,1.568699983181432,1247.7034000039566,217.76258261311642
1789791948,100,,Aggregated,75.400000,0.000000,100,350,370,380,430,690,810,880,1100,1200,1200,19743,0,100,210.26348291555072,1.568699983181432,1247.7034000039566,217.76665147140758
1789791949,100,,Aggregated,76.400000,0.000000,100,350,370,380,430,690,810,880,1100,1200,1200,19825,0,100,210.21526015140526,1.568699983181432,1247.7034000039566,217.81160151324084
1789791950,100,,Aggregated,76.100000,0.000000,100,350,370,380,430,690,810,880,1100,1200,1200,19894,0,100,210.15955701223808,1.568699983181432,1247.7034000039566,218.03458329144465
1789791951,100,,Aggregated,76.100000,0.000000,100,350,370,380,430,690,810,880,1100,1200,1200,19984,0,100,210.13840718081764,1.568699983181432,1247.7034000039566,218.49749799839873
1789791952,100,,Aggregated,76.400000,0.000000,100,350,370,380,430,690,810,880,1100,1200,1200,20056,0,100,210.1992436129531,1.568699983181432,1247.7034000039566,218.73035500598326
1789791953,100,,Aggregated,75.100000,0.000000,100,350,370,380,430,690,810,880,1100,1200,1200,20132,0,100,210.18486648129664,1.568699983181432,1247.7034000039566,219.15045698390622
1789791954,100,,Aggregated,76.600000,0.000000,100,350,370,380,430,690,810,880,1100,1200,1200,20207,0,100,210.26151817694415,1.568699983181432,1247.7034000039566,219.26485871232742
1789791955,100,,Aggregated,76.900000,0.000000,100,350,370,380,430,690,810,880,1100,1200,1200,20286,0,100,210.1941861087187,1.568699983181432,1247.7034000039566,219.51528147490882
1789791956,100,,Aggregated,76.000000,0.000000,100,350,370,380,430,690,810,880,1100,1200,1200,20369,0,100,210.17218381861753,1.568699983181432,1247.7034000039566,219.6789238548775
1789791957,100,,Aggregated,75.100000,0.000000,100,350,370,380,430,690,810,880,1100,1200,1200,20435,0,100,210.12653700520386,1.568699983181432,1247.7034000039566,220.15189625642282
1789791958,100,,Aggregated,76.000000,0.000000,100,350,370,380,440,690,810,880,1100,1200,1200,20515,0,100,210.26632312461163,1.568699983181432,1247.7034000039566,220.6194004387034
1789791959,100,,Aggregated,76.500000,0.000000,100,350,370,380,440,690,810,880,1100,1200,1200,20589,0,100,210.29621746084499,1.568699983181432,1247.7034000039566,220.83991451746078
1789791960,100,,Aggregated,75.800000,0.000000,100,350,370,380,430,690,810,880,1100,1200,1200,20659,0,100,210.36708321802251,1.568699983181432,1247.7034000039566,220.8920083256692
1789791961,100,,Aggregated,75.400000,0.000000,100,350,370,380,430,690,810,880,1100,1200,1200,20738,0,100,210.2357136609681,1.568699983181432,1247.7034000039566,221.08443437168484
1789791962,100,,Aggregated,75.900000,0.000000,100,350,370,380,430,690,810,880,1100,1200,1200,20802,0,100,210.25101174892927,1.568699983181432,1247.7034000039566,221.09609652917987
1789791963,100,,Aggregated,75.300000,0.000000,100,350,370,380,440,690,810,880,1100,1200,1200,20877,0,100,210.34094741586313,1.568699983181432,1247.7034000039566,221.12980792259424
1789791964,100,,Aggregated,73.600000,0.000000,100,350,370,380,430,690,810,880,1100,1200,1200,20954,0,100,210.25174846811993,1.568699983181432,1247.7034000039566,221.58093920015273
1789791965,100,,Aggregated,73.600000,0.000000,100,350,370,380,440,690,810,880,1100,1200,1200,21031,0,100,210.36736354433518,1.568699983181432,1247.7034000039566,221.68280157862205
1789791966,100,,Aggregated,74.400000,0.000000,100,350,370,380,440,690,810,880,1100,1200,1200,21111,0,100,210.35822534228015,1.568699983181432,1247.7034000039566,221.71143006015822
1789791967,100,,Aggregated,75.300000,0.000000,100,350,370,380,440,690,810,880,1100,1200,1200,21179,0,100,210.3737816800095,1.568699983181432,1247.7034000039566,221.94036545634827
1789791968,100,,Aggregated,75.200000,0.000000,100,350,370,380,440,690,810,880,1100,1200,1200,21254,0,100,210.3267198363129,1.568699983181432,1247.7034000039566,222.02926507951443
1789791969,100,,Aggregated,74.000000,0.000000,100,350,370,380,440,690,810,880,1100,1200,1200,21327,0,100,210.3479989075418,1.568699983181432,1247.7034000039566,222.22122192525907
1789791970,100,,Aggregated,74.100000,0.000000,100,350,370,380,430,690,810,880,1100,1200,1200,21403,0,100,210.24739679957003,1.568699983181432,1247.7034000039566,222.42680932579546
1789791971,100,,Aggregated,74.300000,0.000000,100,350,370,380,430,690,810,880,1100,1200,1200,21491,0,100,210.19490164725838,1.568699983181432,1247.7034000039566,222.48182960308966
1789791972,100,,Aggregated,73.200000,0.000000,100,350,370,380,430,690,810,880,1100,1200,1200,21565,0,100,210.22310095066445,1.568699983181432,1247.7034000039566,222.73540459077208
1789791973,100,,Aggregated,74.300000,0.000000,100,350,370,380,430,690,810,880,1100,1200,1200,21636,0,100,210.16977589208165,1.568699983181432,1247.7034000039566,223.0063782584581
1789791974,100,,Aggregated,75.900000,0.000000,100,350,370,380,430,690,810,880,1100,1200,1200,21708,0,100,210.17107191823487,1.568699983181432,1247.7034000039566,223.0703427307905
1789791975,100,,Aggregated,76.100000,0.000000,100,350,370,380,430,690,810,880,1100,1200,1200,21786,0,100,210.02131273300606,1.568699983181432,1247.7034000039566,223.1405030753695
1789791976,100,,Aggregated,74.700000,0.000000,100,350,370,380,430,690,810,880,1100,1200,1200,21861,0,100,210.12074507118692,1.568699983181432,1247.7034000039566,223.17135538173002
1789791977,100,,Aggregated,75.500000,0.000000,100,350,370,380,430,690,810,880,1100,1200,1200,21940,0,100,210.08207403834274,1.568699983181432,1247.7034000039566,223.61809480401095
1789791978,100,,Aggregated,74.100000,0.000000,100,350,370,380,430,690,810,880,1100,1200,1200,22013,0,100,210.00755739342267,1.568699983181432,1247.7034000039566,223.89974106209968
1789791979,100,,Aggregated,74.300000,0.000000,100,350,370,380,430,690,810,880,1100,1200,1200,22087,0,100,209.98653219094817,1.568699983181432,1247.7034000039566,224.03871055371937
1789791980,100,,Aggregated,74.200000,0.000000,100,350,370,380,430,690,810,880,1100,1200,1200,22154,0,100,209.96571450309045,1.568699983181432,1247.7034000039566,224.51638530287985
1789791981,100,,Aggregated,75.100000,0.000000,100,350,370,380,430,690,810,880,1100,1200,1200,22235,0,100,209.87561794025203,1.568699983181432,1247.7034000039566,224.9239037553407
1789791982,100,,Aggregated,75.200000,0.000000,100,350,370,380,430,690,810,880,1100,1200,1200,22308,0,100,209.79909947111432,1.568699983181432,1247.7034000039566,224.8572261072261
1789791983,100,,Aggregated,75.000000,0.000000,100,350,370,380,430,690,810,880,1100,1200,1200,22397,0,100,209.87328902538013,1.568699983181432,1247.7034000039566,224.70728222529803
1789791984,100,,Aggregated,73.800000,0.000000,100,350,370,380,430,690,810,880,1100,1200,1200,22470,0,100,209.87369546957387,1.568699983181432,1247.7034000039566,225.05643079661772
1789791985,100,,Aggregated,74.000000,0.000000,100,350,370,380,430,690,810,870,1100,1200,1200,22542,0,100,209.81212297495512,1.568699983181432,1247.7034000039566,225.55292343181617
1789791986,100,,Aggregated,76.000000,0.000000,99,350,370,380,430,690,810,870,1100,1200,1200,22620,0,99,209.77780661367837,1.568699983181432,1247.7034000039566,225.94619805481875
1789791987,100,,Aggregated,74.400000,0.000000,99,350,370,380,430,690,810,870,1100,1200,1200,22695,0,99,209.74426374097308,1.568699983181432,1247.7034000039566,225.84406256884776
1789791988,100,,Aggregated,75.100000,0.000000,99,350,370,380,430,690,810,870,1100,1200,1200,22768,0,99,209.5957381457069,1.568699983181432,1247.7034000039566,226.08406535488405
1789791989,100,,Aggregated,74.700000,0.000000,99,350,370,380,430,690,810,870,1100,1200,1200,22838,0,99,209.721024827102,1.568699983181432,1247.7034000039566,226.03822576407742
1789791990,100,,Aggregated,75.600000,0.000000,99,350,370,380,430,690,810,870,1100,1200,1200,22922,0,99,209.75824210807292,1.568699983181432,1247.7034000039566,226.1105924439403
1789791991,100,,Aggregated,75.000000,0.000000,100,350,370,380,430,690,810,870,1100,1200,1200,23001,0,100,209.71592099478877,1.568699983181432,1247.7034000039566,226.1704273727229
1789791992,100,,Aggregated,75.300000,0.000000,99,350,370,380,430,690,810,870,1100,1200,1200,23080,0,99,209.72708292465973,1.568699983181432,1247.7034000039566,226.22543327556326
1789791993,100,,Aggregated,75.400000,0.000000,99,350,370,380,430,690,810,870,1100,1200,1200,23146,0,99,209.6611581180837,1.568699983181432,1247.7034000039566,226.38516374319536
1789791994,100,,Aggregated,76.600000,0.000000,99,350,370,380,430,690,810,870,1100,1200,1200,23220,0,99,209.75337908703955,1.568699983181432,1247.7034000039566,226.50400516795867
1789791995,100,,Aggregated,76.200000,0.000000,99,350,370,380,430,690,810,870,1100,1200,1200,23302,0,99,209.80746013651776,1.568699983181432,1247.7034000039566,226.3064114668269
1789791996,100,,Aggregated,74.400000,0.000000,100,350,370,380,430,690,810,870,1100,1200,1200,23386,0,100,209.76631798088886,1.568699983181432,1247.7034000039566,226.54519798169846
1789791997,100,,Aggregated,75.600000,0.000000,99,350,370,380,430,690,810,870,1100,1200,1200,23462,0,99,209.75588961729972,1.568699983181432,1247.7034000039566,226.58711959764727
1789791998,100,,Aggregated,75.700000,0.000000,99,350,370,380,430,690,810,870,1100,1200,1200,23540,0,99,209.71952623623753,1.568699983181432,1247.7034000039566,226.72272727272727
1789791999,100,,Aggregated,77.100000,0.000000,99,350,370,380,430,690,810,870,1100,1200,1200,23612,0,99,209.67486985011712,1.568699983181432,1247.7034000039566,226.8746823648992
1789792000,100,,Aggregated,76.500000,0.000000,99,350,370,380,430,690,810,870,1100,1200,1200,23699,0,99,209.5423456222061,1.568699983181432,1247.7034000039566,227.1063757964471
1789792001,100,,Aggregated,75.600000,0.000000,99,350,370,380,430,690,810,870,1100,1200,1200,23768,0,99,209.63086894567437,1.568699983181432,1247.7034000039566,226.98678895994615
1789792002,100,,Aggregated,76.400000,0.000000,99,350,370,380,430,690,810,870,1100,1200,1200,23839,0,99,209.69115031254597,1.568699983181432,1247.7034000039566,227.13389823398632
1789792003,100,,Aggregated,77.100000,0.000000,99,350,370,380,430,690,810,870,1100,1200,1200,23925,0,99,209.59721745457918,1.568699983181432,1247.7034000039566,227.4302194357367
1789792004,100,,Aggregated,75.600000,0.000000,99,350,370,380,430,690,810,870,1100,1200,1200,24000,0,99,209.54632723753508,1.568699983181432,1247.7034000039566,227.40579166666666
1789792005,100,,Aggregated,76.200000,0.000000,99,350,370,380,430,690,810,870,1100,1200,1200,24070,0,99,209.4943299335556,1.568699983181432,1247.7034000039566,227.63169921063565
1789792006,100,,Aggregated,77.000000,0.000000,99,350,370,380,430,690,810,870,1100,1200,1200,24146,0,99,209.56462354844382,1.568699983181432,1247.7034000039566,227.8946823490433
1789792007,100,,Aggregated,76.900000,0.000000,99,350,370,380,430,690,810,870,1100,1200,1200,24221,0,99,209.5041132942776,1.568699983181432,1247.7034000039566,227.9319598695347
1789792008,100,,Aggregated,75.500000,0.000000,99,350,370,380,430,690,810,870,1100,1200,1200,24302,0,99,209.45388421120447,1.568699983181432,1247.7034000039566,227.99399226401118
1789792009,100,,Aggregated,75.200000,0.000000,99,350,370,380,430,690,810,870,1100,1200,1200,24377,0,99,209.40501341430706,1.568699983181432,1247.7034000039566,228.32264019362515
1789792010,100,,Aggregated,75.600000,0.000000,99,350,370,380,430,690,810,870,1100,1200,1200,24450,0,99,209.48017660943034,1.568699983181432,1247.7034000039566,228.3880981595092
1789792011,100,,Aggregated,76.900000,0.000000,99,350,370,380,430,690,810,870,1100,1200,1200,24530,0,99,209.41923143907783,1.568699983181432,1247.7034000039566,228.21398287810842
1789792012,100,,Aggregated,75.400000,0.000000,99,350,370,380,430,690,810,870,1100,1200,1200,24606,0,99,209.4251547752833,1.568699983181432,1247.7034000039566,228.39437535560432
1789792013,100,,Aggregated,74.800000,0.000000,99,350,370,380,430,690,810,870,1100,1200,1200,24674,0,99,209.40669464620976,1.568699983181432,1247.7034000039566,228.52176379995137
1789792014,100,,Aggregated,75.900000,0.000000,99,350,370,380,430,690,810,870,1100,1200,1200,24755,0,99,209.40915446982783,1.568699983181432,1247.7034000039566,228.4860028277116
1789792015,100,,Aggregated,75.300000,0.000000,99,350,370,380,430,690,810,870,1100,1200,1200,24828,0,99,209.4762786692684,1.568699983181432,1247.7034000039566,228.69159819558564
1789792016,100,,Aggregated,74.700000,0.000000,99,350,370,380,430,690,810,870,1100,1200,1200,24902,0,99,209.4772310336728,1.568699983181432,1247.7034000039566,228.5017669263513
1789792017,100,,Aggregated,74.400000,0.000000,99,350,370,380,430,690,810,870,1100,1200,1200,24969,0,99,209.41963347352146,1.568699983181432,1247.7034000039566,228.8052384957347
1789792018,100,,Aggregated,75.800000,0.000000,99,350,370,380,430,690,810,870,1100,1200,1200,25045,0,99,209.51746120185103,1.568699983181432,1247.7034000039566,229.2713116390497
1789792020,100,,Aggregated,75.000000,0.000000,99,350,370,380,430,690,810,870,1100,1200,1200,25122,0,99,209.5819807419902,1.568699983181432,1247.7034000039566,229.360679882175
1789792021,100,,Aggregated,74.200000,0.000000,99,350,370,380,430,690,810,870,1100,1200,1200,25202,0,99,209.6391654829027,1.568699983181432,1247.7034000039566,229.7764066343941
1789792022,100,,Aggregated,74.300000,0.000000,99,350,370,380,430,690,810,870,1100,1200,1200,25282,0,99,209.74235222293356,1.568699983181432,1247.7034000039566,229.60901036310418
1789792023,100,,Aggregated,74.300000,0.000000,99,350,370,380,430,690,810,870,1100,1200,1200,25351,0,99,209.6544252140058,1.568699983181432,1247.7034000039566,229.66214350518717
1789792024,100,,Aggregated,74.600000,0.000000,99,350,370,380,430,690,810,870,1100,1200,1200,25417,0,99,209.62535221703226,1.568699983181432,1247.7034000039566,229.84046110870676
1789792025,100,,Aggregated,74.600000,0.000000,99,350,370,380,430,690,810,870,1100,1200,1200,25501,0,99,209.49939151014493,1.568699983181432,1247.7034000039566,230.04454727265596
1789792026,100,,Aggregated,73.700000,0.000000,99,350,370,380,430,690,810,870,1100,1200,1200,25586,0,99,209.62650392793688,1.568699983181432,1247.7034000039566,230.23645743766122
1789792027,100,,Aggregated,74.600000,0.000000,99,350,370,380,430,690,810,870,1100,1200,1200,25652,0,99,209.59120641276283,1.568699983181432,1247.7034000039566,230.66380789022298
1789792028,100,,Aggregated,75.100000,0.000000,99,350,370,380,430,690,810,870,1100,1200,1200,25732,0,99,209.60431193844855,1.568699983181432,1247.7034000039566,230.983755635007
1789792029,100,,Aggregated,74.600000,0.000000,99,350,370,380,430,690,810,870,1100,1200,1200,25813,0,99,209.65797620191407,1.568699983181432,1247.7034000039566,230.8159454538411
1789792030,100,,Aggregated,75.200000,0.000000,99,350,370,380,430,690,810,870,1100,1200,1200,25888,0,99,209.61181391378668,1.568699983181432,1247.7034000039566,231.03750772558715
1789792031,100,,Aggregated,76.100000,0.000000,99,350,370,380,430,690,810,870,1100,1200,1200,25953,0,99,209.53870775632794,1.568699983181432,1247.7034000039566,231.0209224367125
1789792032,100,,Aggregated,76.300000,0.000000,99,350,370,380,430,690,810,870,1100,1200,1200,26039,0,99,209.54016135027967,1.568699983181432,1247.7034000039566,231.41748915088905
1789792033,100,,Aggregated,74.800000,0.000000,99,350,370,380,430,690,810,870,1100,1200,1200,26110,0,99,209.5828468977413,1.568699983181432,1247.7034000039566,231.8342780543853
1789792034,100,,Aggregated,74.800000,0.000000,99,350,370,380,430,690,810,870,1100,1200,1200,26186,0,99,209.58966161689247,1.568699983181432,1247.7034000039566,231.95153899030015
1789792035,100,,Aggregated,75.300000,0.000000,99,350,370,380,430,690,810,870,1100,1200,1200,26262,0,99,209.6020266773249,1.568699983181432,1247.7034000039566,232.44870916152615
1789792036,100,,Aggregated,76.400000,0.000000,99,350,370,380,430,690,810,870,1100,1200,1200,26334,0,99,209.5588368117214,1.568699983181432,1247.7034000039566,232.87977519556466
1789792037,100,,Aggregated,75.300000,0.000000,99,350,370,380,430,690,810,870,1100,1200,1200,26417,0,99,209.60350104478022,1.568699983181432,1247.7034000039566,233.07275617973275
1789792038,100,,Aggregated,74.700000,0.000000,100,350,370,380,430,690,810,870,1100,1200,1200,26497,0,100,209.69283486055988,1.568699983181432,1247.7034000039566,233.48043174699023
1789792039,100,,Aggregated,75.600000,0.000000,100,350,370,380,430,690,810,870,1100,1200,1200,26566,0,100,209.6658941504281,1.568699983181432,1247.7034000039566,233.65414439509146
1789792040,100,,Aggregated,75.400000,0.000000,100,350,370,380,430,690,810,870,1100,1200,1200,26635,0,100,209.64898300357328,1.568699983181432,1247.7034000039566,233.74537262999812
1789792041,100,,Aggregated,74.900000,0.000000,100,350,370,380,430,690,810,870,1100,1200,1200,26715,0,100,209.64018382183153,1.568699983181432,1247.7034000039566,233.84615384615384
1789792042,100,,Aggregated,73.300000,0.000000,100,350,370,380,430,690,810,870,1100,1200,1200,26785,0,100,209.6305812320442,1.568699983181432,1247.7034000039566,233.89083442225126
1789792043,100,,Aggregated,75.300000,0.000000,100,350,370,380,430,690,810,870,1100,1200,1200,26854,0,100,209.6069398004126,1.568699983181432,1247.7034000039566,234.37137856557683
1789792044,100,,Aggregated,74.700000,0.000000,100,350,370,380,430,690,810,870,1100,1200,1200,26936,0,100,209.76029508837135,1.568699983181432,1247.7034000039566,234.57213394713395
1789792045,100,,Aggregated,72.700000,0.000000,100,350,370,380,430,690,810,870,1100,1200,1200,27002,0,100,209.83865261833824,1.568699983181432,1247.7034000039566,234.77834975187022
1789792046,100,,Aggregated,72.700000,0.000000,100,350,370,380,430,690,810,870,1100,1200,1200,27078,0,100,209.80893641702582,1.568699983181432,1247.7034000039566,235.0281039958638
1789792047,100,,Aggregated,73.500000,0.000000,100,350,370,380,430,690,810,870,1100,1200,1200,27162,0,100,209.8054246889101,1.568699983181432,1247.7034000039566,235.25679257786615
1789792048,100,,Aggregated,73.800000,0.000000,100,350,370,380,430,690,810,870,1100,1200,1200,27237,0,100,209.76284720417274,1.568699983181432,1247.7034000039566,235.650989462863
1789792049,100,,Aggregated,73.900000,0.000000,100,350,370,380,430,690,810,870,1100,1200,1200,27326,0,100,209.72330508306908,1.568699983181432,1247.7034000039566,235.780758252214
1789792050,100,,Aggregated,74.200000,0.000000,100,350,370,380,430,690,810,870,1100,1200,1200,27397,0,100,209.76219198452284,1.568699983181432,1247.7034000039566,235.7396795269555
1789792051,100,,Aggregated,74.500000,0.000000,100,350,370,380,430,690,810,870,1100,1200,1200,27466,0,100,209.64557878467713,1.568699983181432,1247.7034000039566,236.0031675526105
1789792052,100,,Aggregated,76.100000,0.000000,100,350,370,380,430,690,810,870,1100,1200,1200,27543,0,100,209.57444716261176,1.568699983181432,1247.7034000039566,236.16519623860873
1789792053,100,,Aggregated,74.500000,0.000000,100,350,370,380,430,690,810,870,1100,1200,1200,27619,0,100,209.57275718888843,1.568699983181432,1247.7034000039566,236.19490206017596
1789792054,100,,Aggregated,74.900000,0.000000,100,350,370,380,430,690,810,870,1100,1200,1200,27694,0,100,209.5870693579785,1.568699983181432,1247.7034000039566,236.78226330613128
1789792055,100,,Aggregated,77.800000,0.000000,100,350,370,380,430,690,810,870,1100,1200,1200,27766,0,100,209.57721742418695,1.568699983181432,1247.7034000039566,236.8711013469711
1789792056,100,,Aggregated,76.700000,0.000000,100,350,370,380,430,690,810,870,1100,1200,1200,27844,0,100,209.5356591761227,1.568699983181432,1247.7034000039566,236.9810372072978
1789792057,100,,Aggregated,75.600000,0.000000,100,350,370,380,430,690,810,870,1100,1200,1200,27912,0,100,209.45063560117327,1.568699983181432,1247.7034000039566,237.1890584694755
1789792058,100,,Aggregated,76.000000,0.000000,100,350,370,380,430,690,810,870,1100,1200,1200,27988,0,100,209.44320704588043,1.568699983181432,1247.7034000039566,237.38241389166785
1789792059,100,,Aggregated,74.300000,0.000000,100,350,370,380,430,690,810,870,1000,1200,1200,28069,0,100,209.47085648224922,1.568699983181432,1247.7034000039566,237.43788521144322
1789792060,100,,Aggregated,75.000000,0.000000,100,350,370,380,430,690,810,870,1000,1200,1200,28139,0,100,209.49316034686066,1.568699983181432,1247.7034000039566,237.3614556309748
1789792061,100,,Aggregated,74.600000,0.000000,100,350,370,380,430,690,810,870,1000,1200,1200,28218,0,100,209.48429483309044,1.568699983181432,1247.7034000039566,237.4245871429584
1789792062,100,,Aggregated,74.000000,0.000000,99,350,370,380,430,690,810,870,1000,1200,1200,28296,0,99,209.39372003463708,1.568699983181432,1247.7034000039566,237.57990528696635
1789792063,100,,Aggregated,74.500000,0.000000,100,350,370,380,430,690,810,870,1000,1200,1200,28370,0,100,209.4237554881882,1.5155999863054603,1247.7034000039566,237.79918928445542
1789792064,100,,Aggregated,74.400000,0.000000,99,350,370,380,430,690,810,870,1000,1200,1200,28445,0,99,209.3515513271196,1.5155999863054603,1247.7034000039566,238.06602214800492
1789792065,100,,Aggregated,73.700000,0.000000,99,350,370,380,430,690,810,870,1000,1200,1200,28524,0,99,209.3559231243826,1.5155999863054603,1247.7034000039566,238.17203057074744
1789792066,100,,Aggregated,74.800000,0.000000,99,350,370,380,430,690,810,870,1000,1200,1200,28593,0,99,209.31050490328877,1.5155999863054603,1247.7034000039566,238.40709264505298
1789792067,100,,Aggregated,74.700000,0.000000,99,350,370,380,430,690,810,870,1000,1200,1200,28666,0,99,209.31575298959737,1.5155999863054603,1247.7034000039566,238.52567501569803
1789792068,100,,Aggregated,74.300000,0.000000,99,350,370,380,430,690,810,870,1000,1200,1200,28757,0,99,209.33700740688172,1.5155999863054603,1247.7034000039566,238.74760927774108
1789792069,100,,Aggregated,75.700000,0.000000,99,350,370,380,430,690,810,870,1000,1200,1200,28820,0,99,209.3020108639781,1.5155999863054603,1247.7034000039566,238.764399722415
1789792070,100,,Aggregated,75.800000,0.000000,99,350,370,380,430,690,810,860,1000,1200,1200,28906,0,99,209.24369713554327,1.5155999863054603,1247.7034000039566,238.95551096658133
1789792071,100,,Aggregated,75.300000,0.000000,99,350,370,380,430,690,810,870,1000,1200,1200,28986,0,99,209.25919877182338,1.5155999863054603,1247.7034000039566,239.43917753398193
1789792072,100,,Aggregated,75.100000,0.000000,99,350,370,380,430,690,810,860,1000,1200,1200,29053,0,99,209.2145713798884,1.5155999863054603,1247.7034000039566,239.5207379616563
1789792073,100,,Aggregated,75.600000,0.000000,99,350,370,380,430,690,810,860,1000,1200,1200,29132,0,99,209.17810793628186,1.5155999863054603,1247.7034000039566,239.7450569820129
1789792074,100,,Aggregated,75.600000,0.000000,99,350,370,380,430,690,810,860,1000,1200,1200,29209,0,99,209.1783066315079,1.5155999863054603,1247.7034000039566,239.9420726488411
1789792075,100,,Aggregated,75.200000,0.000000,99,350,370,380,430,690,810,860,1000,1200,1200,29281,0,99,209.07802146442089,1.5155999863054603,1247.7034000039566,240.01181653632048
1789792076,100,,Aggregated,75.300000,0.000000,99,350,370,380,430,690,810,860,1000,1200,1200,29348,0,99,209.05920832423422,1.5155999863054603,1247.7034000039566,240.20038844214255
1789792077,100,,Aggregated,76.000000,0.000000,99,350,370,380,430,690,810,860,1000,1200,1200,29431,0,99,209.11367211441572,1.5155999863054603,1247.7034000039566,240.381264652917
1789792078,100,,Aggregated,75.200000,0.000000,99,350,370,380,430,690,810,860,1000,1200,1200,29513,0,99,209.15425890283456,1.5155999863054603,1247.7034000039566,240.35465726967777
1789792079,100,,Aggregated,74.500000,0.000000,99,350,370,380,430,690,810,860,1000,1200,1200,29580,0,99,209.13625947259305,1.5155999863054603,1247.7034000039566,240.66176470588235
1789792080,100,,Aggregated,74.900000,0.000000,99,350,370,380,430,690,810,860,1000,1200,1200,29669,0,99,209.12480988571272,1.5155999863054603,1247.7034000039566,240.99457346051435
1789792081,100,,Aggregated,75.400000,0.000000,99,350,370,380,430,680,810,860,1000,1200,1200,29737,0,99,209.01551708979426,1.5155999863054603,1247.7034000039566,241.16279382587348
1789792082,100,,Aggregated,76.500000,0.000000,99,350,370,380,430,690,810,860,1000,1200,1200,29816,0,99,209.08376761132382,1.5155999863054603,1247.7034000039566,241.34558626240946
1789792083,100,,Aggregated,75.600000,0.000000,99,350,370,380,430,690,810,860,1000,1200,1200,29897,0,99,209.1337118740752,1.5155999863054603,1247.7034000039566,241.60340502391546
1789792084,100,,Aggregated,75.500000,0.000000,99,350,370,380,430,690,810,860,1000,1200,1200,29977,0,99,209.155949491249,1.5155999863054603,1247.7034000039566,242.0486706474964
1789792085,100,,Aggregated,75.900000,0.000000,99,350,370,380,430,690,810,860,1000,1200,1200,30051,0,99,209.07014212835247,1.5155999863054603,1247.7034000039566,242.46906924894347
1789792086,100,,Aggregated,76.000000,0.000000,99,350,370,380,430,680,810,860,1000,1200,1200,30117,0,99,209.0203832652368,1.5155999863054603,1247.7034000039566,242.69313012584254
1789792087,100,,Aggregated,76.200000,0.000000,99,350,370,380,430,690,810,860,1000,1200,1200,30196,0,99,209.0532347131829,1.5155999863054603,1247.7034000039566,242.87875877599683
1789792088,100,,Aggregated,75.200000,0.000000,99,350,370,380,430,680,810,860,1000,1200,1200,30269,0,99,209.01932383954914,1.5155999863054603,1247.7034000039566,243.00429482308633
1789792089,100,,Aggregated,77.400000,0.000000,99,350,370,380,430,690,810,860,1000,1200,1200,30356,0,99,209.0751511562539,1.5155999863054603,1247.7034000039566,242.81641191197787
1789792090,100,,Aggregated,74.700000,0.000000,99,350,370,380,430,690,810,860,1000,1200,1200,30433,0,99,209.05428798999182,1.5155999863054603,1247.7034000039566,242.858245982979
1789792091,100,,Aggregated,75.700000,0.000000,99,350,370,380,430,690,810,860,1000,1200,1200,30504,0,99,209.0159584873942,1.5155999863054603,1247.7034000039566,243.46131654864936
1789792092,100,,Aggregated,75.600000,0.000000,99,350,370,380,430,690,810,860,1000,1200,1200,30579,0,99,209.08304868044806,1.5155999863054603,1247.7034000039566,243.74305896203276
1789792093,100,,Aggregated,76.500000,0.000000,99,350,370,380,430,690,810,860,1000,1200,1200,30662,0,99,209.07808479223277,1.5155999863054603,1247.7034000039566,244.00211988780902
1789792094,100,,Aggregated,75.300000,0.000000,99,350,370,380,430,690,810,860,1000,1200,1200,30740,0,99,209.0573604456604,1.5155999863054603,1247.7034000039566,244.57042940793755
1789792095,100,,Aggregated,75.100000,0.000000,99,350,370,380,430,690,810,860,1000,1200,1200,30815,0,99,209.06156460813142,1.5155999863054603,1247.7034000039566,244.34489696576344
1789792096,100,,Aggregated,76.500000,0.000000,99,350,370,380,430,690,810,860,1000,1200,1200,30882,0,99,209.06075246420863,1.5155999863054603,1247.7034000039566,244.79535004209572
1789792097,100,,Aggregated,74.900000,0.000000,99,350,370,380,430,690,810,860,1000,1200,1200,30959,0,99,209.05014327980678,1.5155999863054603,1247.7034000039566,245.04502729416325
1789792098,100,,Aggregated,77.100000,0.000000,99,350,370,380,430,690,810,860,1000,1200,1200,31030,0,99,209.12606822750968,1.5155999863054603,1247.7034000039566,244.9737995488237
1789792099,100,,Aggregated,74.800000,0.000000,100,350,370,380,430,690,810,860,1000,1200,1200,31119,0,100,209.1920738680403,1.5155999863054603,1247.7034000039566,245.3600051415534
1789792100,100,,Aggregated,76.100000,0.000000,100,350,370,380,430,690,810,860,1000,1200,1200,31190,0,100,209.1216202212093,1.5155999863054603,1247.7034000039566,245.59862135299775
1789792101,100,,Aggregated,74.300000,0.000000,100,350,370,380,430,690,810,860,1000,1200,1200,31255,0,100,209.12677984001087,1.5155999863054603,1247.7034000039566,245.49316909294512
1789792102,100,,Aggregated,75.300000,0.000000,99,350,370,380,430,680,810,860,1000,1200,1200,31335,0,99,209.0193450327014,1.5155999863054603,1247.7034000039566,245.7922450933461
1789792103,100,,Aggregated,75.000000,0.000000,99,350,370,380,430,690,810,860,1000,1200,1200,31404,0,99,209.00128429816732,1.5155999863054603,1247.7034000039566,245.78340338810344
1789792104,100,,Aggregated,75.000000,0.000000,99,350,370,380,430,690,810,860,1000,1200,1200,31491,0,99,209.09179023847275,1.5155999863054603,1247.7034000039566,245.9576386904195
1789792105,100,,Aggregated,74.800000,0.000000,99,350,370,380,430,690,810,860,1000,1200,1200,31562,0,99,209.06831270514328,1.5155999863054603,1247.7034000039566,245.95466066789177
1789792106,100,,Aggregated,73.500000,0.000000,99,350,370,380,430,690,810,860,1000,1200,1200,31639,0,99,209.05948910836528,1.5155999863054603,1247.7034000039566,246.1381522804134
1789792107,100,,Aggregated,75.800000,0.000000,99,350,370,380,430,690,810,860,1000,1200,1200,31721,0,99,208.94583445035096,1.5155999863054603,1247.7034000039566,246.64566060338578
1789792108,100,,Aggregated,75.100000,0.000000,99,350,370,380,430,690,810,860,1000,1200,1200,31795,0,99,208.96967002043397,1.5155999863054603,1247.7034000039566,247.13587041987734
1789792109,100,,Aggregated,75.200000,0.000000,99,350,370,380,430,690,810,860,1000,1200,1200,31870,0,99,208.9321641386829,1.5155999863054603,1247.7034000039566,247.28431126451207
1789792110,100,,Aggregated,75.200000,0.000000,99,350,370,380,430,690,810,860,1000,1200,1200,31942,0,99,208.94143379875246,1.5155999863054603,1247.7034000039566,247.65136810468974
1789792111,100,,Aggregated,76.200000,0.000000,99,350,370,380,430,690,810,860,1000,1200,1200,32021,0,99,208.907200662054,1.5155999863054603,1247.7034000039566,248.24243465225945
1789792112,100,,Aggregated,74.400000,0.000000,99,350,370,380,430,690,810,860,1000,1200,1200,32090,0,99,208.88583358366085,1.5155999863054603,1247.7034000039566,248.50099719538798
1789792113,100,,Aggregated,73.900000,0.000000,99,350,370,380,430,690,810,860,1000,1200,1200,32172,0,99,208.9515576059825,1.5155999863054603,1247.7034000039566,248.34474076837
1789792114,100,,Aggregated,75.100000,0.000000,99,350,370,380,430,690,810,860,1000,1200,1200,32251,0,99,208.93249158784363,1.5155999863054603,1247.7034000039566,248.40528975845712
1789792115,100,,Aggregated,75.600000,0.000000,99,350,370,380,430,690,810,860,1000,1200,1200,32322,0,99,208.88420378069057,1.5155999863054603,1247.7034000039566,248.54783119856444
1789792116,100,,Aggregated,76.200000,0.000000,99,350,370,380,430,690,810,860,1000,1200,1200,32399,0,99,208.82351466093544,1.5155999863054603,1247.7034000039566,248.97166579215408
1789792117,100,,Aggregated,74.800000,0.000000,99,350,370,380,430,690,810,860,1000,1200,1200,32478,0,99,208.8647369850216,1.5155999863054603,1247.7034000039566,249.36480078822586
1789792118,100,,Aggregated,74.600000,0.000000,99,350,370,380,430,690,810,860,1000,1200,1200,32558,0,99,208.79447317094713,1.5155999863054603,1247.7034000039566,249.69878370907304
1789792119,100,,Aggregated,76.000000,0.000000,99,350,370,380,430,690,810,860,1000,1200,1200,32629,0,99,208.8466229795464,1.5155999863054603,1247.7034000039566,249.67967145790556
1789792120,100,,Aggregated,75.200000,0.000000,99,350,370,380,430,690,810,860,1000,1200,1200,32706,0,99,208.77074999081356,1.5155999863054603,1247.7034000039566,250.55271204060418
1789792121,100,,Aggregated,75.200000,0.000000,99,350,370,380,430,690,810,860,1000,1200,1200,32783,0,99,208.7649234511659,1.5155999863054603,1247.7034000039566,250.77052130677484
1789792122,100,,Aggregated,75.400000,0.000000,99,350,370,380,430,690,810,860,1000,1200,1200,32859,0,99,208.79478995098862,1.5155999863054603,1247.7034000039566,251.17377278675553
1789792123,100,,Aggregated,76.500000,0.000000,99,350,370,380,430,690,810,860,1000,1200,1200,32940,0,99,208.87541448086031,1.5155999863054603,1247.7034000039566,251.35616272009716
1789792124,100,,Aggregated,76.700000,0.000000,99,350,370,380,430,690,810,860,1000,1200,1200,33015,0,99,208.89856752686762,1.5155999863054603,1247.7034000039566,251.77710131758292
1789792125,100,,Aggregated,75.800000,0.000000,99,350,370,380,430,690,810,860,1000,1200,1200,33082,0,99,208.86680562540226,1.4956999802961946,1247.7034000039566,251.77459041170425
1789792126,100,,Aggregated,75.200000,0.000000,99,350,370,380,430,690,810,860,1000,1200,1200,33160,0,99,208.80006955064866,1.4956999802961946,1247.7034000039566,251.82358262967432
1789792127,100,,Aggregated,75.700000,0.000000,99,350,370,380,430,690,810,860,1000,1200,1200,33236,0,99,208.78516768261636,1.4956999802961946,1247.7034000039566,251.9006498977013
1789792128,100,,Aggregated,75.100000,0.000000,99,350,370,380,430,690,810,860,1000,1200,1200,33314,0,99,208.78717682654124,1.4956999802961946,1247.7034000039566,251.94206639851114
1789792129,100,,Aggregated,74.600000,0.000000,99,350,370,380,430,690,810,860,1000,1200,1200,33384,0,99,208.814089878362,1.4956999802961946,1247.7034000039566,251.9916127486221
1789792130,100,,Aggregated,75.900000,0.000000,99,350,370,380,430,690,810,860,1000,1200,1200,33456,0,99,208.85876640659743,1.4956999802961946,1247.7034000039566,251.96012673362029
1789792131,100,,Aggregated,75.500000,0.000000,99,350,370,380,430,690,810,860,1000,1200,1200,33540,0,99,208.84246225996492,1.4956999802961946,1247.7034000039566,252.3226296958855
1789792132,100,,Aggregated,74.800000,0.000000,99,350,370,380,430,690,810,860,1000,1200,1200,33615,0,99,208.76459700428447,1.4956999802961946,1247.7034000039566,252.36495612077942
1789792133,100,,Aggregated,74.400000,0.000000,99,350,370,380,430,690,810,860,1000,1200,1200,33692,0,99,208.7874796865419,1.4956999802961946,1247.7034000039566,252.46939926392022
1789792134,100,,Aggregated,74.500000,0.000000,99,350,370,380,430,690,810,860,1000,1200,1200,33766,0,99,208.77014577382445,1.4956999802961946,1247.7034000039566,253.1167742699757
1789792135,100,,Aggregated,75.200000,0.000000,98,350,370,380,430,690,810,860,1000,1200,1200,33835,0,98,208.73131410371238,1.4956999802961946,1247.7034000039566,253.57588296143047
1789792136,100,,Aggregated,74.800000,0.000000,98,350,370,380,430,690,810,860,1000,1200,1200,33918,0,98,208.75598986671054,1.4956999802961946,1247.7034000039566,253.44684238457455
1789792137,100,,Aggregated,74.300000,0.000000,98,350,370,380,430,690,810,860,1000,1200,1200,34004,0,98,208.7694579784505,1.4956999802961946,1247.7034000039566,253.271732737325
1789792138,100,,Aggregated,75.200000,0.000000,98,350,370,380,430,690,810,860,1000,1200,1200,34076,0,98,208.76275179009062,1.4956999802961946,1247.7034000039566,253.54850921469657
1789792139,100,,Aggregated,75.300000,0.000000,98,350,370,380,430,690,810,860,1000,1200,1200,34147,0,98,208.7359985357195,1.4956999802961946,1247.7034000039566,253.57984596011363
1789792140,100,,Aggregated,75.800000,0.000000,98,350,370,380,430,690,810,860,1000,1200,1200,34219,0,98,208.72888750691817,1.4956999802961946,1247.7034000039566,253.98503755223706
1789792141,100,,Aggregated,75.400000,0.000000,99,350,370,380,430,690,810,860,1000,1200,1200,34308,0,99,208.76849614665142,1.4956999802961946,1247.7034000039566,254.06703975749096
1789792142,100,,Aggregated,75.900000,0.000000,99,350,370,380,430,690,810,860,1000,1200,1200,34377,0,99,208.80434563223392,1.4956999802961946,1247.7034000039566,254.197283067167
1789792143,100,,Aggregated,75.300000,0.000000,98,350,370,380,430,690,810,860,1000,1200,1200,34455,0,98,208.74343685965013,1.4956999802961946,1247.7034000039566,254.44507328399362
1789792144,100,,Aggregated,76.400000,0.000000,98,350,370,380,430,690,810,860,1000,1200,1200,34534,0,98,208.69699092196956,1.4956999802961946,1247.7034000039566,254.95306075172294
1789792145,100,,Aggregated,75.500000,0.000000,98,350,370,380,430,690,810,860,1000,1200,1200,34608,0,98,208.6961046578642,1.4956999802961946,1247.7034000039566,255.35933888118353
1789792146,100,,Aggregated,76.000000,0.000000,98,350,370,380,430,690,810,860,1000,1200,1200,34690,0,98,208.7830966560787,1.4956999802961946,1247.7034000039566,255.58697030844624
1789792147,100,,Aggregated,76.500000,0.000000,98,350,370,380,430,690,810,860,1000,1200,1200,34763,0,98,208.79796558983176,1.4956999802961946,1247.7034000039566,255.85323476109656
1789792149,100,,Aggregated,77.100000,0.000000,98,350,370,380,430,690,810,860,1000,1200,1200,34839,0,98,208.77027408362704,1.4956999802961946,1247.7034000039566,256.3535979792761
1789792150,100,,Aggregated,75.600000,0.000000,98,350,370,380,430,680,810,860,1000,1200,1200,34904,0,98,208.76766952210048,1.4956999802961946,1247.7034000039566,256.4921785468714
1789792151,100,,Aggregated,76.000000,0.000000,98,350,370,380,430,680,810,860,1000,1200,1200,34983,0,98,208.69925117912695,1.4956999802961946,1247.7034000039566,256.6975388045622
1789792152,100,,Aggregated,75.000000,0.000000,98,350,370,380,430,690,810,860,1000,1200,1200,35071,0,98,208.8148126058353,1.4956999802961946,1247.7034000039566,256.8846625417011
1789792153,100,,Aggregated,75.900000,0.000000,99,350,370,380,430,690,810,860,1000,1200,1200,35144,0,99,208.86379994591795,1.4956999802961946,1247.7034000039566,256.80153084452536
1789792154,100,,Aggregated,75.900000,0.000000,99,350,370,380,430,690,810,860,1000,1200,1200,35200,0,99,208.78609894884588,1.4956999802961946,1247.7034000039566,257.3659375
1789792155,100,,Aggregated,76.300000,0.000000,99,350,370,380,430,680,810,860,1000,1200,1200,35284,0,99,208.77708860387867,1.4956999802961946,1247.7034000039566,257.5418036503798
1789792156,100,,Aggregated,74.400000,0.000000,99,350,370,380,430,680,810,860,1000,1200,1200,35359,0,99,208.76498091855595,1.4956999802961946,1247.7034000039566,257.82109222545887
1789792157,100,,Aggregated,74.400000,0.000000,99,350,370,380,430,690,810,860,1000,1200,1200,35438,0,99,208.77725736777865,1.4956999802961946,1247.7034000039566,257.9210452057114
1789792158,100,,Aggregated,74.300000,0.000000,99,350,370,380,430,690,810,860,1000,1200,1200,35509,0,99,208.86471430903225,1.4956999802961946,1247.7034000039566,257.88616970345544
1789792159,100,,Aggregated,74.100000,0.000000,99,350,370,380,430,690,810,860,1000,1200,1200,35588,0,99,208.86965732829833,1.4956999802961946,1247.7034000039566,257.89628526469596
1789792160,100,,Aggregated,73.700000,0.000000,99,350,370,380,430,690,810,860,1000,1200,1200,35660,0,99,208.79663819123806,1.4956999802961946,1247.7034000039566,258.14568143578236
1789792161,100,,Aggregated,74.700000,0.000000,99,350,370,380,430,680,810,860,1000,1200,1200,35732,0,99,208.7234439297998,1.4683000044897199,1247.7034000039566,258.7221258255905
1789792162,100,,Aggregated,75.800000,0.000000,99,350,370,380,430,680,810,860,1000,1200,1200,35807,0,99,208.75796309659134,1.4683000044897199,1247.7034000039566,258.65406205490547
1789792163,100,,Aggregated,74.800000,0.000000,99,350,370,380,430,690,810,860,1000,1200,1200,35902,0,99,208.89674022615722,1.4683000044897199,1247.7034000039566,258.5184112305721
1789792164,100,,Aggregated,72.800000,0.000000,99,350,370,380,430,690,810,860,1000,1200,1200,35970,0,99,208.9257051848674,1.4683000044897199,1247.7034000039566,258.7277731442869
1789792165,100,,Aggregated,75.200000,0.000000,99,350,370,380,430,690,810,860,1000,1200,1200,36044,0,99,208.8703928476252,1.4683000044897199,1247.7034000039566,258.8522916435468
1789792166,100,,Aggregated,75.900000,0.000000,99,350,370,380,430,690,810,860,1000,1200,1200,36123,0,99,208.80260972233324,1.4683000044897199,1247.7034000039566,258.99078149655344
1789792167,100,,Aggregated,75.600000,0.000000,99,350,370,380,430,690,810,860,1000,1200,1200,36194,0,99,208.80765594297188,1.4683000044897199,1247.7034000039566,259.1209316461292
1789792168,100,,Aggregated,75.900000,0.000000,99,350,370,380,430,690,810,860,1000,1200,1200,36268,0,99,208.81615968898197,1.4683000044897199,1247.7034000039566,259.1473750965038
1789792169,100,,Aggregated,75.500000,0.000000,99,350,370,380,430,690,810,860,1000,1200,1200,36354,0,99,208.80678635088125,1.4683000044897199,1247.7034000039566,259.29487814270783
1789792170,100,,Aggregated,76.400000,0.000000,98,350,370,380,430,690,810,860,1000,1200,1200,36427,0,98,208.76182824827595,1.4683000044897199,1247.7034000039566,259.65316935240344
1789792171,100,,Aggregated,75.700000,0.000000,98,350,370,380,430,690,810,860,1000,1200,1200,36500,0,98,208.75086949315101,1.4683000044897199,1247.7034000039566,259.9292876712329
1789792172,100,,Aggregated,76.100000,0.000000,98,350,370,380,430,690,810,860,1000,1200,1200,36569,0,98,208.81380973502334,1.4683000044897199,1247.7034000039566,260.0873964286691
1789792173,100,,Aggregated,75.600000,0.000000,98,350,370,380,430,690,810,860,1000,1200,1200,36644,0,98,208.8266323163439,1.4683000044897199,1247.7034000039566,260.323954808427
1789792174,100,,Aggregated,76.300000,0.000000,98,350,370,380,430,690,810,860,1000,1200,1200,36734,0,98,208.87656225568264,1.4683000044897199,1247.7034000039566,260.32517558664995
1789792175,100,,Aggregated,73.100000,0.000000,98,350,370,380,430,690,810,860,1000,1200,1200,36801,0,98,208.83458576397976,1.4683000044897199,1247.7034000039566,260.7701421157034
1789792176,100,,Aggregated,74.900000,0.000000,98,350,370,380,430,690,810,860,1000,1200,1200,36880,0,98,208.823947152932,1.4683000044897199,1247.7034000039566,260.85347071583516
1789792177,100,,Aggregated,75.000000,0.000000,98,350,370,380,430,690,810,860,1000,1200,1200,36946,0,98,208.77376127050275,1.4683000044897199,1247.7034000039566,261.21222865804145
1789792178,100,,Aggregated,74.900000,0.000000,98,350,370,380,430,690,810,860,1000,1200,1200,37026,0,98,208.7922780208453,1.4683000044897199,1247.7034000039566,261.49700210662775
1789792179,100,,Aggregated,74.400000,0.000000,98,350,370,380,430,690,810,860,1000,1200,1200,37111,0,98,208.8128317237425,1.4683000044897199,1247.7034000039566,261.7921371022069
1789792180,100,,Aggregated,74.100000,0.000000,98,350,370,380,430,690,810,860,1000,1200,1200,37190,0,98,208.80083798333084,1.4683000044897199,1247.7034000039566,261.68975531056736
1789792181,100,,Aggregated,75.000000,0.000000,98,350,370,380,430,690,810,860,1000,1200,1200,37267,0,98,208.73128925054755,1.4683000044897199,1247.7034000039566,262.0652588080608
1789792182,100,,Aggregated,75.700000,0.000000,98,350,370,380,430,690,810,860,1000,1200,1200,37333,0,98,208.66604929151407,1.4683000044897199,1247.7034000039566,262.03425923445747
1789792183,100,,Aggregated,76.500000,0.000000,98,350,370,380,430,690,810,860,1000,1200,1200,37417,0,98,208.62337013122868,1.4683000044897199,1247.7034000039566,262.266857310848
1789792184,100,,Aggregated,75.600000,0.000000,98,350,370,380,430,690,810,860,1000,1200,1200,37496,0,98,208.63636113186055,1.4683000044897199,1247.7034000039566,262.5960902496266
1789792185,100,,Aggregated,76.800000,0.000000,98,350,370,380,430,690,810,860,1000,1200,1200,37575,0,98,208.66560648835994,1.4683000044897199,1247.7034000039566,262.79662009314706
1789792186,100,,Aggregated,76.500000,0.000000,98,350,370,380,430,690,810,860,1000,1200,1200,37648,0,98,208.61435530174228,1.4683000044897199,1247.7034000039566,262.9207660433489
1789792187,100,,Aggregated,76.300000,0.000000,98,350,370,380,430,690,810,860,1000,1200,1200,37723,0,98,208.54653682103967,1.4683000044897199,1247.7034000039566,263.09349733584287
1789792188,100,,Aggregated,76.800000,0.000000,97,350,370,380,430,680,810,860,1000,1200,1200,37796,0,97,208.50065502963346,1.4683000044897199,1247.7034000039566,263.27545242882843
1789792189,100,,Aggregated,76.700000,0.000000,97,350,370,380,430,690,810,860,1000,1200,1200,37870,0,97,208.5185195827847,1.4683000044897199,1247.7034000039566,263.1951148666491
1789792190,100,,Aggregated,77.200000,0.000000,98,350,370,380,430,690,810,860,1000,1200,1200,37956,0,98,208.63324864580537,1.4683000044897199,1247.7034000039566,263.26341026451684
1789792191,100,,Aggregated,75.700000,0.000000,98,350,370,380,430,690,810,860,1000,1200,1200,38032,0,98,208.68558188368587,1.4683000044897199,1247.7034000039566,263.7127156079091
1789792192,100,,Aggregated,74.500000,0.000000,98,350,370,380,430,690,810,860,1000,1200,1200,38103,0,98,208.6660446342893,1.4683000044897199,1247.7034000039566,263.79495052882976
1789792193,100,,Aggregated,74.700000,0.000000,98,350,370,380,430,680,810,860,1000,1200,1200,38179,0,98,208.59219490034684,1.4683000044897199,1247.7034000039566,264.51612142801014
1789792194,100,,Aggregated,75.700000,0.000000,98,350,370,380,430,690,810,860,1000,1200,1200,38257,0,98,208.64922303370278,1.4683000044897199,1247.7034000039566,264.54261965130564
1789792195,100,,Aggregated,75.600000,0.000000,98,350,370,380,430,690,810,860,1000,1200,1200,38336,0,98,208.64451007669328,1.4683000044897199,1247.7034000039566,264.63955550918195
1789792196,100,,Aggregated,75.000000,0.000000,98,350,370,380,430,690,810,860,1000,1200,1200,38410,0,98,208.62060997396804,1.4683000044897199,1247.7034000039566,265.0915907315803
1789792197,100,,Aggregated,74.800000,0.000000,98,350,370,380,430,690,810,860,1000,1200,1200,38478,0,98,208.5886459171508,1.4683000044897199,1247.7034000039566,265.5597744165497
1789792198,100,,Aggregated,74.200000,0.000000,97,350,370,380,430,680,810,860,1000,1200,1200,38559,0,97,208.52179371612343,1.4683000044897199,1247.7034000039566,265.6075883710677
1789792199,100,,Aggregated,75.200000,0.000000,98,350,370,380,430,690,810,860,1000,1200,1200,38648,0,98,208.60725958652333,1.4683000044897199,1247.7034000039566,265.5841181949907
1789792200,100,,Aggregated,74.400000,0.000000,98,350,370,380,430,690,810,860,1000,1200,1200,38724,0,98,208.61821042505773,1.4683000044897199,1247.7034000039566,265.85647143890094
1789792201,100,,Aggregated,75.500000,0.000000,98,350,370,380,430,690,810,860,1000,1200,1200,38782,0,98,208.5919508792692,1.4683000044897199,1247.7034000039566,266.00729719973185
1789792202,100,,Aggregated,76.100000,0.000000,97,350,370,380,430,680,810,860,1000,1200,1200,38862,0,97,208.50399402243167,1.4683000044897199,1247.7034000039566,266.22772888683033
1789792203,100,,Aggregated,76.000000,0.000000,97,350,370,380,430,680,810,860,1000,1200,1200,38944,0,97,208.45194766330454,1.4683000044897199,1247.7034000039566,266.47093262119967
1789792204,100,,Aggregated,75.000000,0.000000,97,350,370,380,430,680,800,860,1000,1200,1200,39016,0,97,208.42081589347603,1.4683000044897199,1247.7034000039566,267.08014660652043
1789792205,100,,Aggregated,75.200000,0.000000,97,350,370,380,430,690,810,860,1000,1200,1200,39094,0,97,208.49334900496368,1.4683000044897199,1247.7034000039566,267.1953496700261
1789792206,100,,Aggregated,75.000000,0.000000,97,350,370,380,430,680,800,860,1000,1200,1200,39166,0,97,208.47624763059855,1.4683000044897199,1247.7034000039566,267.77260889547057
1789792207,100,,Aggregated,76.400000,0.000000,97,350,370,380,430,680,800,860,1000,1200,1200,39234,0,97,208.406664563902,1.4683000044897199,1247.7034000039566,267.7278890758016
1789792208,100,,Aggregated,75.800000,0.000000,97,350,370,380,430,680,810,860,1000,1200,1200,39307,0,97,208.44758220419018,1.4683000044897199,1247.7034000039566,268.0534510392551
1789792209,100,,Aggregated,74.400000,0.000000,97,350,370,380,430,690,810,860,1000,1200,1200,39405,0,97,208.5084530922503,1.4683000044897199,1247.7034000039566,268.2699911178784
1789792210,100,,Aggregated,76.200000,0.000000,97,350,370,380,430,690,810,860,1000,1200,1200,39479,0,97,208.48779186150094,1.4683000044897199,1247.7034000039566,268.36991818435115
1789792211,100,,Aggregated,75.000000,0.000000,97,350,370,380,430,680,800,860,1000,1200,1200,39549,0,97,208.45917159979209,1.4683000044897199,1247.7034000039566,268.4873195276745
1789792212,100,,Aggregated,75.300000,0.000000,97,350,370,380,430,680,800,860,1000,1200,1200,39626,0,97,208.41074200273442,1.4683000044897199,1247.7034000039566,268.82097612678547
1789792213,100,,Aggregated,75.500000,0.000000,97,350,370,380,430,680,800,860,1000,1200,1200,39704,0,97,208.41171228592307,1.4683000044897199,1247.7034000039566,269.2335532943784
1789792214,100,,Aggregated,75.600000,0.000000,97,350,370,380,430,680,800,860,1000,1200,1200,39773,0,97,208.3731469715713,1.4683000044897199,1247.7034000039566,269.5408191486687
1789792215,100,,Aggregated,75.300000,0.000000,97,350,370,380,430,690,800,860,1000,1200,1200,39854,0,97,208.4544691499067,1.4683000044897199,1247.7034000039566,269.38751442766096
1789792216,100,,Aggregated,76.100000,0.000000,97,350,370,380,430,680,800,860,1000,1200,1200,39927,0,97,208.4006123275081,1.4683000044897199,1247.7034000039566,269.3849024469657
1789792217,100,,Aggregated,75.400000,0.000000,97,350,370,380,430,680,800,860,1000,1200,1200,39999,0,97,208.3806873246963,1.4683000044897199,1247.7034000039566,269.65381634540864
1789792218,100,,Aggregated,75.600000,0.000000,97,350,370,380,430,680,800,860,1000,1200,1200,40071,0,97,208.390610129532,1.4683000044897199,1247.7034000039566,269.4849641885653
1789792219,100,,Aggregated,76.000000,0.000000,97,350,370,380,430,680,800,860,1000,1200,1200,40154,0,97,208.41937171640382,1.4683000044897199,1247.7034000039566,269.6276834188375
1789792220,100,,Aggregated,75.200000,0.000000,97,350,370,380,430,690,800,860,1000,1200,1200,40238,0,97,208.37230835032963,1.4683000044897199,1247.7034000039566,269.57144987325415
1789792221,100,,Aggregated,75.000000,0.000000,97,350,370,380,430,690,800,860,1000,1200,1200,40300,0,97,208.37440394790622,1.4683000044897199,1247.7034000039566,269.80831265508687
1789792222,100,,Aggregated,74.700000,0.000000,97,350,370,380,430,680,800,860,1000,1200,1200,40368,0,97,208.37964941044058,1.4683000044897199,1247.7034000039566,270.2435097106619
1789792223,100,,Aggregated,75.600000,0.000000,97,350,370,380,430,680,800,860,1000,1200,1200,40447,0,97,208.3422412787215,1.4683000044897199,1247.7034000039566,270.3289242712686
1789792224,100,,Aggregated,74.900000,0.000000,97,350,370,380,430,690,810,860,1000,1200,1200,40540,0,97,208.40829537248328,1.4683000044897199,1247.7034000039566,270.4552787370498
1789792225,100,,Aggregated,75.400000,0.000000,97,350,370,380,430,690,810,860,1000,1200,1200,40610,0,97,208.42904578922548,1.4683000044897199,1247.7034000039566,270.49955675941885
1789792226,100,,Aggregated,74.500000,0.000000,97,350,370,380,430,690,810,860,1000,1200,1200,40683,0,97,208.39328960254701,1.4683000044897199,1247.7034000039566,270.69082909323305
1789792227,100,,Aggregated,74.500000,0.000000,97,350,370,380,430,690,800,860,1000,1200,1200,40758,0,97,208.37263737181826,1.4683000044897199,1247.7034000039566,270.9760047107316
1789792228,100,,Aggregated,74.700000,0.000000,97,350,370,380,430,690,810,860,1000,1200,1200,40829,0,97,208.4054314776436,1.4683000044897199,1247.7034000039566,271.02040216512773
1789792229,100,,Aggregated,75.700000,0.000000,97,350,370,380,430,690,810,860,1000,1200,1200,40912,0,97,208.40480315313454,1.4683000044897199,1247.7034000039566,271.19615271802894
1789792230,100,,Aggregated,74.000000,0.000000,97,350,370,380,430,680,810,860,1000,1200,1200,40983,0,97,208.38347534102053,1.4683000044897199,1247.7034000039566,271.4457213966767
1789792231,100,,Aggregated,74.800000,0.000000,97,350,370,380,430,690,810,860,1000,1200,1200,41052,0,97,208.43146347561634,1.4683000044897199,1247.7034000039566,271.2784030010718
1789792232,100,,Aggregated,74.300000,0.000000,97,350,370,380,430,690,810,860,1000,1200,1200,41131,0,97,208.41834300894553,1.4683000044897199,1247.7034000039566,271.28752036177093
1789792233,100,,Aggregated,73.400000,0.000000,97,350,370,380,430,680,810,860,1000,1200,1200,41208,0,97,208.37130320814123,1.4683000044897199,1247.7034000039566,271.68455154338966
1789792234,100,,Aggregated,75.200000,0.000000,97,350,370,380,430,690,810,860,1000,1200,1200,41288,0,97,208.44916214883227,1.4683000044897199,1247.7034000039566,271.7866934702577
1789792235,100,,Aggregated,74.400000,0.000000,97,350,370,380,430,690,810,850,1000,1200,1200,41358,0,97,208.41335270324745,1.4683000044897199,1247.7034000039566,272.2110837081097
1789792236,100,,Aggregated,73.800000,0.000000,97,350,370,380,430,690,810,850,1000,1200,1200,41437,0,97,208.39613644329873,1.4683000044897199,1247.7034000039566,272.5549629558124
1789792237,100,,Aggregated,74.800000,0.000000,97,350,370,380,430,680,800,850,1000,1200,1200,41508,0,97,208.39960439194732,1.4683000044897199,1247.7034000039566,272.7473499084514
1789792238,100,,Aggregated,74.900000,0.000000,97,350,370,380,430,680,800,850,1000,1200,1200,41582,0,97,208.39384748932542,1.4683000044897199,1247.7034000039566,272.9796546582656
1789792239,100,,Aggregated,74.700000,0.000000,97,350,370,380,430,680,800,850,1000,1200,1200,41663,0,97,208.35077863574833,1.4683000044897199,1247.7034000039566,273.0776228308091
1789792240,100,,Aggregated,75.300000,0.000000,97,350,370,380,430,680,800,850,1000,1200,1200,41745,0,97,208.32708948858922,1.4683000044897199,1247.7034000039566,272.98433345310815
1789792241,100,,Aggregated,74.600000,0.000000,97,350,370,380,430,690,800,850,1000,1200,1200,41821,0,97,208.33989025133255,1.4683000044897199,1247.7034000039566,273.0871571698429
1789792242,100,,Aggregated,75.700000,0.000000,97,350,370,380,430,690,800,850,1000,1200,1200,41895,0,97,208.30984220076772,1.4683000044897199,1247.7034000039566,273.29571547917413
1789792243,100,,Aggregated,76.900000,0.000000,97,350,370,380,430,690,800,850,1000,1200,1200,41962,0,97,208.3340865998067,1.4683000044897199,1247.7034000039566,273.58121633859207
1789792244,100,,Aggregated,76.200000,0.000000,97,350,370,380,430,680,800,850,1000,1200,1200,42045,0,97,208.35907819243425,1.4683000044897199,1247.7034000039566,273.82157212510407
1789792245,100,,Aggregated,75.600000,0.000000,97,350,370,380,430,690,800,850,1000,1200,1200,42117,0,97,208.40027519768722,1.4683000044897199,1247.7034000039566,273.9118883111333
1789792246,100,,Aggregated,76.500000,0.000000,97,350,370,380,430,690,800,850,1000,1200,1200,42192,0,97,208.40899107890098,1.4683000044897199,1247.7034000039566,274.08048919226394
1789792247,100,,Aggregated,75.500000,0.000000,97,350,370,380,430,690,810,850,1000,1200,1200,42276,0,97,208.44660611933753,1.4683000044897199,1247.7034000039566,274.34868483300215
1789792248,100,,Aggregated,75.200000,0.000000,97,350,370,380,430,690,810,850,1000,1200,1200,42351,0,97,208.38886237635907,1.4683000044897199,1247.7034000039566,274.4677811621922
1789792249,100,,Aggregated,75.400000,0.000000,97,350,370,380,430,680,800,850,1000,1200,1200,42420,0,97,208.37634511789784,1.4683000044897199,1247.7034000039566,275.03092880716645
1789792250,100,,Aggregated,76.000000,0.000000,97,350,370,380,430,680,800,850,1000,1200,1200,42492,0,97,208.34767795588002,1.4683000044897199,1247.7034000039566,275.15948884495907
1789792251,100,,Aggregated,76.500000,0.000000,97,350,370,380,430,690,800,850,1000,1200,1200,42578,0,97,208.352106472857,1.4683000044897199,1247.7034000039566,275.0902813659636
1789792252,100,,Aggregated,75.000000,0.000000,97,350,370,380,430,690,800,850,1000,1200,1200,42655,0,97,208.37293903882977,1.4683000044897199,1247.7034000039566,275.45160004688785
1789792253,100,,Aggregated,73.900000,0.000000,97,350,370,380,430,680,800,850,1000,1200,1200,42729,0,97,208.32853878164948,1.4683000044897199,1247.7034000039566,275.5449928619907
1789792254,100,,Aggregated,75.000000,0.000000,97,350,370,380,430,690,810,850,1000,1200,1200,42795,0,97,208.355465474963,1.4683000044897199,1247.7034000039566,275.9377731043346
1789792255,100,,Aggregated,76.200000,0.000000,97,350,370,380,430,690,810,850,1000,1200,1200,42878,0,97,208.34490899764455,1.4683000044897199,1247.7034000039566,276.1917999906712
1789792256,100,,Aggregated,75.200000,0.000000,97,350,370,380,430,680,810,850,1000,1200,1200,42953,0,97,208.30157347102372,1.4683000044897199,1247.7034000039566,276.58098386608617
1789792257,100,,Aggregated,74.300000,0.000000,97,350,370,380,430,680,800,850,1000,1200,1200,43023,0,97,208.25485110059319,1.4683000044897199,1247.7034000039566,277.1025265555633
1789792258,100,,Aggregated,74.900000,0.000000,97,350,370,380,430,690,810,850,1000,1200,1200,43110,0,97,208.35395554861776,1.4683000044897199,1247.7034000039566,276.9292507538854
1789792259,100,,Aggregated,74.400000,0.000000,97,350,370,380,430,690,810,850,1000,1200,1200,43176,0,97,208.33920746713216,1.4683000044897199,1247.7034000039566,277.28719659069856
1789792260,100,,Aggregated,74.700000,0.000000,97,350,370,380,430,690,810,850,1000,1200,1200,43255,0,97,208.34148150967178,1.4683000044897199,1247.7034000039566,277.6477632643625
1789792261,100,,Aggregated,75.200000,0.000000,97,350,370,380,430,690,810,850,1000,1200,1200,43333,0,97,208.34658792377044,1.4683000044897199,1247.7034000039566,277.75367502826947
1789792262,100,,Aggregated,75.100000,0.000000,97,350,370,380,430,680,810,850,1000,1200,1200,43414,0,97,208.30975227117426,1.4683000044897199,1247.7034000039566,278.02531441470495
1789792263,100,,Aggregated,74.800000,0.000000,97,350,370,380,430,680,810,850,1000,1200,1200,43474,0,97,208.33830236924774,1.4683000044897199,1247.7034000039566,278.3625155265216
1789792264,100,,Aggregated,74.700000,0.000000,97,350,370,380,430,690,810,850,1000,1200,1200,43554,0,97,208.33980442670455,1.4683000044897199,1247.7034000039566,278.35776277724204
1789792265,100,,Aggregated,75.100000,0.000000,97,350,370,380,430,690,810,850,1000,1200,1200,43625,0,97,208.43243996104874,1.4683000044897199,1247.7034000039566,278.5244011461318
1789792266,100,,Aggregated,74.300000,0.000000,97,350,370,380,430,690,810,860,1000,1200,1200,43710,0,97,208.46012556853944,1.4683000044897199,1247.7034000039566,278.8783802333562
1789792268,100,,Aggregated,75.100000,0.000000,97,350,370,380,430,690,810,860,1000,1200,1200,43786,0,97,208.41258696617408,1.4683000044897199,1247.7034000039566,279.4925775361988
1789792269,100,,Aggregated,74.400000,0.000000,97,350,370,380,430,690,810,860,1000,1200,1200,43851,0,97,208.36953508245696,1.4683000044897199,1247.7034000039566,279.81991288682127
1789792270,100,,Aggregated,75.100000,0.000000,97,350,370,380,430,680,810,850,1000,1200,1200,43934,0,97,208.37066621752953,1.4683000044897199,1247.7034000039566,280.11499066781994
1789792271,100,,Aggregated,75.100000,0.000000,97,350,370,380,430,680,810,850,1000,1200,1200,44007,0,97,208.36452262142294,1.4683000044897199,1247.7034000039566,280.4641761537937
1789792272,100,,Aggregated,75.000000,0.000000,97,350,370,380,430,690,810,850,1000,1200,1200,44086,0,97,208.42318980177458,1.4683000044897199,1247.7034000039566,280.6501837317969
1789792273,100,,Aggregated,75.000000,0.000000,97,350,370,380,430,690,810,850,1000,1200,1200,44158,0,97,208.40524773316568,1.4683000044897199,1247.7034000039566,280.91942569862766
1789792274,100,,Aggregated,74.700000,0.000000,97,350,370,380,430,690,810,850,1000,1200,1200,44231,0,97,208.4533167394187,1.4683000044897199,1247.7034000039566,281.06187967714953
1789792275,100,,Aggregated,73.700000,0.000000,97,350,370,380,430,690,810,850,1000,1200,1200,44310,0,97,208.4651372309055,1.4683000044897199,1247.7034000039566,281.48833220491986
1789792276,100,,Aggregated,75.000000,0.000000,97,350,370,380,430,690,810,860,1000,1200,1200,44387,0,97,208.4822796201925,1.4683000044897199,1247.7034000039566,281.39169126095476
1789792277,100,,Aggregated,75.300000,0.000000,97,350,370,380,430,690,810,860,1000,1200,1200,44459,0,97,208.47831399270058,1.4683000044897199,1247.7034000039566,281.16900964933984
1789792278,100,,Aggregated,75.600000,0.000000,97,350,370,380,430,690,810,860,1000,1200,1200,44541,0,97,208.47065276041516,1.4683000044897199,1247.7034000039566,281.5650748748344
1789792279,100,,Aggregated,74.400000,0.000000,97,350,370,380,430,690,810,850,1000,1200,1200,44617,0,97,208.45819688462984,1.4683000044897199,1247.7034000039566,281.9587377008763
1789792280,100,,Aggregated,75.100000,0.000000,97,350,370,380,430,690,810,860,1000,1200,1200,44683,0,97,208.47597379767348,1.4683000044897199,1247.7034000039566,282.1021193742587
1789792281,100,,Aggregated,76.300000,0.000000,97,350,370,380,430,690,810,860,1000,1200,1200,44767,0,97,208.45372339226273,1.4683000044897199,1247.7034000039566,282.56666741126276
1789792282,100,,Aggregated,74.500000,0.000000,97,350,370,380,430,690,810,860,1000,1200,1200,44837,0,97,208.48505676564614,1.4683000044897199,1247.7034000039566,282.61837321854716
1789792283,100,,Aggregated,75.500000,0.000000,97,350,370,380,430,690,810,860,1000,1200,1200,44919,0,97,208.4793960417936,1.4683000044897199,1247.7034000039566,282.4608517553819
1789792284,100,,Aggregated,74.000000,0.000000,97,350,370,380,430,690,810,860,1000,1200,1200,44991,0,97,208.47858243874234,1.4683000044897199,1247.7034000039566,282.82232001955947
1789792285,100,,Aggregated,75.700000,0.000000,97,350,370,380,430,690,810,860,1000,1200,1200,45073,0,97,208.42946745504995,1.4683000044897199,1247.7034000039566,283.13027754975263
1789792286,100,,Aggregated,75.500000,0.000000,97,350,370,380,430,690,810,860,1000,1200,1200,45144,0,97,208.3942038942346,1.4683000044897199,1247.7034000039566,283.05907761828814
1789792287,100,,Aggregated,75.700000,0.000000,97,350,370,380,430,690,810,860,1000,1200,1200,45224,0,97,208.42718257786404,1.4683000044897199,1247.7034000039566,283.2181806120644
1789792288,100,,Aggregated,75.900000,0.000000,97,350,370,380,430,690,810,860,1000,1200,1200,45298,0,97,208.38467428145705,1.4683000044897199,1247.7034000039566,283.7359486070025
1789792289,100,,Aggregated,75.400000,0.000000,97,350,370,380,430,690,810,860,1000,1200,1200,45385,0,97,208.35698817013082,1.4683000044897199,1247.7034000039566,283.5598105100804
1789792290,100,,Aggregated,75.200000,0.000000,97,350,370,380,430,690,810,860,1000,1200,1200,45460,0,97,208.33847400354864,1.4683000044897199,1247.7034000039566,283.9782006159261
1789792291,100,,Aggregated,75.000000,0.000000,97,350,370,380,430,690,810,860,1000,1200,1200,45535,0,97,208.35719420229137,1.4683000044897199,1247.7034000039566,284.09206105193806
1789792292,100,,Aggregated,77.100000,0.000000,97,350,370,380,430,690,810,860,1000,1200,1200,45595,0,97,208.3361406470309,1.4683000044897199,1247.7034000039566,284.2706437109332
1789792293,100,,Aggregated,75.800000,0.000000,97,350,370,380,430,680,810,850,1000,1200,1200,45678,0,97,208.33613104342345,1.4683000044897199,1247.7034000039566,284.69328779718904
1789792294,100,,Aggregated,76.100000,0.000000,97,350,370,380,430,690,810,860,1000,1200,1200,45749,0,97,208.3610505650736,1.4683000044897199,1247.7034000039566,285.1257295241426
1789792295,100,,Aggregated,74.600000,0.000000,97,350,370,380,430,690,810,850,1000,1200,1200,45832,0,97,208.33514895273206,1.4683000044897199,1247.7034000039566,285.27755716529936
1789792296,100,,Aggregated,74.900000,0.000000,97,350,370,380,430,690,810,850,1000,1200,1200,45914,0,97,208.28454220720207,1.4683000044897199,1247.7034000039566,285.59881517619897
1789792297,100,,Aggregated,75.200000,0.000000,97,350,370,380,430,680,810,850,1000,1200,1200,45989,0,97,208.27786204313165,1.4683000044897199,1247.7034000039566,285.7784035312792
1789792298,100,,Aggregated,75.600000,0.000000,97,350,370,380,430,690,810,850,1000,1200,1200,46058,0,97,208.24388740938585,1.4683000044897199,1247.7034000039566,285.90127665117893
1789792299,100,,Aggregated,76.200000,0.000000,97,350,370,380,430,680,810,850,1000,1200,1200,46133,0,97,208.29466911324312,1.4683000044897199,1247.7034000039566,286.4781609693712
1789792300,100,,Aggregated,75.200000,0.000000,97,350,370,380,430,690,810,850,1000,1200,1200,46221,0,97,208.33686348415668,1.4683000044897199,1247.7034000039566,286.7958936414184
1789792301,100,,Aggregated,75.800000,0.000000,97,350,370,380,430,690,810,850,1000,1200,1200,46289,0,97,208.3422026464425,1.4683000044897199,1247.7034000039566,286.7745900753959
1789792302,100,,Aggregated,75.300000,0.000000,97,350,370,380,430,680,810,850,1000,1200,1200,46355,0,97,208.3210264329866,1.4683000044897199,1247.7034000039566,286.90790637471684
1789792303,100,,Aggregated,75.700000,0.000000,97,350,370,380,430,680,810,850,1000,1200,1200,46439,0,97,208.22635832599948,1.4683000044897199,1247.7034000039566,286.96322056891836
1789792304,100,,Aggregated,75.600000,0.000000,97,350,370,380,430,680,810,850,1000,1200,1200,46511,0,97,208.26453996261498,1.4683000044897199,1247.7034000039566,287.0478596461052
1789792305,100,,Aggregated,76.300000,0.000000,97,350,370,380,430,680,810,850,1000,1200,1200,46590,0,97,208.23886993992605,1.4683000044897199,1247.7034000039566,287.06185876797593
1789792306,100,,Aggregated,76.400000,0.000000,97,350,370,380,430,680,810,850,1000,1200,1200,46657,0,97,208.1929369441094,1.4683000044897199,1247.7034000039566,286.97215851855026
1789792307,100,,Aggregated,74.900000,0.000000,97,350,370,380,430,680,810,850,1000,1200,1200,46735,0,97,208.22685763776698,1.4683000044897199,1247.7034000039566,287.29782818016474
1789792308,100,,Aggregated,74.300000,0.000000,97,350,370,380,430,680,810,850,1000,1200,1200,46817,0,97,208.18535739584024,1.4683000044897199,1247.7034000039566,287.60606190059167
1789792309,100,,Aggregated,74.600000,0.000000,97,350,370,380,430,680,810,850,1000,1200,1200,46895,0,97,208.20020619471137,1.4683000044897199,1247.7034000039566,287.46324768098947
1789792310,100,,Aggregated,74.300000,0.000000,97,350,370,380,430,680,810,850,1000,1200,1200,46975,0,97,208.193693724343,1.4683000044897199,1247.7034000039566,287.6608195848856
1789792311,100,,Aggregated,75.400000,0.000000,97,350,370,380,430,680,810,850,1000,1200,1200,47042,0,97,208.1972703265342,1.4683000044897199,1247.7034000039566,287.6782662301773
1789792312,100,,Aggregated,74.100000,0.000000,97,350,370,380,430,680,810,850,1000,1200,1200,47119,0,97,208.15313688322934,1.4683000044897199,1247.7034000039566,287.995055073325
1789792313,100,,Aggregated,74.400000,0.000000,97,350,370,380,430,680,810,850,1000,1200,1200,47194,0,97,208.11106654449054,1.4683000044897199,1247.7034000039566,288.1435140060177
1789792314,100,,Aggregated,74.500000,0.000000,97,350,370,380,430,680,810,850,1000,1200,1200,47267,0,97,208.12692138068135,1.4683000044897199,1247.7034000039566,288.1070725876404
1789792315,100,,Aggregated,75.000000,0.000000,97,350,370,380,430,690,810,850,1000,1200,1200,47342,0,97,208.227643487828,1.4683000044897199,1247.7034000039566,288.28241307929534
1789792316,100,,Aggregated,74.400000,0.000000,97,350,370,380,430,690,810,850,1000,1200,1200,47420,0,97,208.20013695699305,1.4683000044897199,1247.7034000039566,288.3801138760017
1789792317,100,,Aggregated,74.400000,0.000000,97,350,370,380,430,680,810,850,1000,1200,1200,47496,0,97,208.14882116179672,1.4683000044897199,1247.7034000039566,288.66908792319356
1789792318,100,,Aggregated,75.200000,0.000000,97,350,370,380,430,680,810,850,1000,1200,1200,47569,0,97,208.0739155185233,1.4683000044897199,1247.7034000039566,289.05223990413924
1789792319,100,,Aggregated,75.700000,0.000000,97,350,370,380,430,680,810,850,1000,1200,1200,47654,0,97,208.08520945147603,1.4683000044897199,1247.7034000039566,289.2183027657699
1789792320,100,,Aggregated,76.000000,0.000000,97,350,370,380,430,680,810,850,1000,1200,1200,47723,0,97,208.15065958973096,1.4683000044897199,1247.7034000039566,289.3689206462293
1789792321,100,,Aggregated,75.000000,0.000000,97,350,370,380,430,680,810,850,1000,1200,1200,47802,0,97,208.1393705430882,1.4683000044897199,1247.7034000039566,289.46475042885237
1789792322,100,,Aggregated,75.000000,0.000000,97,350,370,380,430,690,810,850,1000,1200,1200,47880,0,97,208.12320760861851,1.4683000044897199,1247.7034000039566,289.768776106934
1789792323,100,,Aggregated,73.600000,0.000000,97,350,370,380,430,680,810,850,1000,1200,1200,47953,0,97,208.0824162117197,1.4683000044897199,1247.7034000039566,290.08143390403103
1789792324,100,,Aggregated,76.900000,0.000000,97,350,370,380,430,690,810,850,1000,1200,1200,48034,0,97,208.1363576196154,1.4683000044897199,1247.7034000039566,290.21480617895656
1789792325,100,,Aggregated,74.600000,0.000000,97,350,370,380,430,690,810,850,1000,1200,1200,48104,0,97,208.1613568601486,1.4683000044897199,1247.7034000039566,290.6732080492267
1789792326,100,,Aggregated,75.800000,0.000000,97,350,370,380,430,690,810,850,1000,1200,1200,48179,0,97,208.15609492933757,1.4683000044897199,1247.7034000039566,290.7894518358621
1789792327,100,,Aggregated,76.200000,0.000000,97,350,370,380,430,680,810,850,1000,1200,1200,48249,0,97,208.11984256462537,1.4683000044897199,1247.7034000039566,291.05287156210494
1789792328,100,,Aggregated,75.400000,0.000000,97,350,370,380,430,680,810,850,1000,1200,1200,48341,0,97,208.0869681264461,1.4683000044897199,1247.7034000039566,291.34955834591756
1789792329,100,,Aggregated,74.700000,0.000000,97,350,370,380,430,680,810,850,1000,1200,1200,48403,0,97,208.08735213727763,1.4683000044897199,1247.7034000039566,291.221783773733
1789792330,100,,Aggregated,75.600000,0.000000,97,350,370,380,430,690,810,850,1000,1200,1200,48482,0,97,208.13257302917722,1.4683000044897199,1247.7034000039566,291.28724062538674
1789792331,100,,Aggregated,74.200000,0.000000,96,350,370,380,430,680,810,850,1000,1200,1200,48557,0,96,208.08464235847782,1.4683000044897199,1247.7034000039566,291.82688386844325
1789792332,100,,Aggregated,74.800000,0.000000,96,350,370,380,430,680,810,850,1000,1200,1200,48636,0,96,208.05342721030945,1.4683000044897199,1247.7034000039566,292.1072867834526
1789792333,100,,Aggregated,76.300000,0.000000,96,350,370,380,430,680,810,850,1000,1200,1200,48712,0,96,208.0059023505627,1.4683000044897199,1247.7034000039566,292.1498193463623
1789792334,100,,Aggregated,73.300000,0.000000,96,350,370,380,430,680,810,850,1000,1200,1200,48780,0,96,208.02615007791135,1.4683000044897199,1247.7034000039566,292.2351373513735
1789792335,100,,Aggregated,75.300000,0.000000,96,350,370,380,430,680,810,850,1000,1200,1200,48851,0,96,208.05324036970362,1.4683000044897199,1247.7034000039566,292.25827516325154
1789792336,100,,Aggregated,74.700000,0.000000,96,350,370,380,430,680,800,850,1000,1200,1200,48937,0,96,208.04333298731777,1.4683000044897199,1247.7034000039566,292.5013997588737
1789792337,100,,Aggregated,74.600000,0.000000,96,350,370,380,430,680,800,850,1000,1200,1200,49016,0,96,208.051938197739,1.4683000044897199,1247.7034000039566,292.7334135792394
1789792338,100,,Aggregated,74.500000,0.000000,96,350,370,380,430,680,800,850,1000,1200,1200,49082,0,96,208.06498453405194,1.4683000044897199,1247.7034000039566,292.822990098203
1789792339,100,,Aggregated,74.800000,0.000000,96,350,370,380,430,680,800,850,1000,1200,1200,49158,0,96,208.00504670654442,1.4683000044897199,1247.7034000039566,293.1294601082225
1789792340,100,,Aggregated,74.700000,0.000000,96,350,370,380,430,680,800,850,1000,1200,1200,49233,0,96,208.01075793472444,1.4683000044897199,1247.7034000039566,293.37931874961913
1789792341,100,,Aggregated,74.500000,0.000000,96,350,370,380,430,680,800,850,1000,1200,1200,49312,0,96,208.04869480046037,1.4683000044897199,1247.7034000039566,293.6105613238157
1789792342,100,,Aggregated,74.800000,0.000000,96,350,370,380,430,680,800,850,1000,1200,1200,49391,0,96,208.03670561438827,1.4683000044897199,1247.7034000039566,293.8438176995809
1789792343,100,,Aggregated,74.900000,0.000000,96,350,370,380,430,680,800,850,1000,1200,1200,49461,0,96,208.0413457734417,1.4683000044897199,1247.7034000039566,294.0326722063848
1789792344,100,,Aggregated,75.800000,0.000000,96,350,370,380,430,690,800,850,1000,1200,1200,49532,0,96,208.07693714568433,1.4683000044897199,1247.7034000039566,294.14291770976337
1789792345,100,,Aggregated,73.700000,0.000000,96,350,370,380,430,680,800,850,1000,1200,1200,49617,0,96,208.02934615353757,1.4683000044897199,1247.7034000039566,294.14503093697726
1789792346,100,,Aggregated,74.600000,0.000000,96,350,370,380,430,680,800,850,1000,1200,1200,49695,0,96,208.007166370864,1.4683000044897199,1247.7034000039566,294.3306972532448
1789792347,100,,Aggregated,74.800000,0.000000,96,350,370,380,430,680,800,850,1000,1200,1200,49767,0,96,208.03229153856702,1.4683000044897199,1247.7034000039566,294.4901440713726
1789792348,100,,Aggregated,75.000000,0.000000,96,350,370,380,430,680,800,850,1000,1200,1200,49842,0,96,208.02310514826507,1.4683000044897199,1247.7034000039566,294.67102042454155
1789792349,100,,Aggregated,74.900000,0.000000,96,350,370,380,430,680,800,850,1000,1200,1200,49916,0,96,208.00522120762457,1.4683000044897199,1247.7034000039566,294.70560541710074
1789792350,100,,Aggregated,74.400000,0.000000,96,350,370,380,430,680,800,850,1000,1200,1200,49994,0,96,207.9764905968665,1.4683000044897199,1247.7034000039566,294.89510741288956
1789792351,100,,Aggregated,75.600000,0.000000,96,350,370,380,430,680,800,850,1000,1200,1200,50077,0,96,207.96858163028327,1.4683000044897199,1247.7034000039566,295.2184435968608
1789792352,100,,Aggregated,76.000000,0.000000,96,350,370,380,430,680,800,850,1000,1200,1200,50133,0,96,207.97745903695548,1.4683000044897199,1247.7034000039566,295.28127181696686
1789792353,100,,Aggregated,75.400000,0.000000,96,350,370,380,430,680,800,850,1000,1200,1200,50219,0,96,208.05360705509472,1.4683000044897199,1247.7034000039566,295.20776996754216
1789792354,100,,Aggregated,74.600000,0.000000,96,350,370,380,430,690,810,850,1000,1200,1200,50296,0,96,208.13346647645474,1.4683000044897199,1247.7034000039566,295.3901900747574
1789792355,100,,Aggregated,75.800000,0.000000,96,350,370,380,430,680,810,850,1000,1200,1200,50367,0,96,208.0761078066966,1.4683000044897199,1247.7034000039566,295.48366986320406
1789792356,100,,Aggregated,74.200000,0.000000,96,350,370,380,430,680,810,850,1000,1200,1200,50440,0,96,208.14389780927524,1.4683000044897199,1247.7034000039566,295.6181998413957
1789792357,100,,Aggregated,75.300000,0.000000,96,350,370,380,430,680,810,850,1000,1200,1200,50522,0,96,208.13732190332306,1.4683000044897199,1247.7034000039566,295.9132259213808
1789792358,100,,Aggregated,75.200000,0.000000,96,350,370,380,430,680,810,850,1000,1200,1200,50601,0,96,208.1735273887772,1.4683000044897199,1247.7034000039566,296.0818560898006
1789792359,100,,Aggregated,75.300000,0.000000,96,350,370,380,430,680,810,850,1000,1200,1200,50680,0,96,208.11898365232074,1.4683000044897199,1247.7034000039566,296.3978689818469
1789792360,100,,Aggregated,75.400000,0.000000,96,350,370,380,430,680,810,850,1000,1200,1200,50750,0,96,208.1017199487635,1.4683000044897199,1247.7034000039566,296.612118226601
1789792361,100,,Aggregated,75.200000,0.000000,96,350,370,380,430,680,810,850,1000,1200,1200,50831,0,96,208.0784218036229,1.4683000044897199,1247.7034000039566,296.66036473805354
1789792362,100,,Aggregated,74.900000,0.000000,96,350,370,380,430,680,810,850,1000,1200,1200,50902,0,96,208.05304211818682,1.4683000044897199,1247.7034000039566,296.99387057483005
1789792363,100,,Aggregated,74.300000,0.000000,96,350,370,380,430,680,810,850,1000,1200,1200,50971,0,96,208.104696182143,1.4683000044897199,1247.7034000039566,297.0175197661415
1789792364,100,,Aggregated,75.300000,0.000000,96,350,370,380,430,690,810,850,1000,1200,1200,51060,0,96,208.1528874970622,1.4683000044897199,1247.7034000039566,297.34945162553856
1789792365,100,,Aggregated,75.100000,0.000000,96,350,370,380,430,680,810,850,1000,1200,1200,51120,0,96,208.17766659820174,1.4683000044897199,1247.7034000039566,297.4822965571205
1789792366,100,,Aggregated,75.700000,0.000000,96,350,370,380,430,680,810,850,1000,1200,1200,51185,0,96,208.2029271896046,1.4683000044897199,1247.7034000039566,297.88172316108233
1789792367,100,,Aggregated,74.900000,0.000000,96,350,370,380,430,690,810,850,1000,1200,1200,51265,0,96,208.23541205695682,1.4683000044897199,1247.7034000039566,297.7800643714035
1789792368,100,,Aggregated,74.100000,0.000000,96,350,370,380,430,680,810,850,1000,1200,1200,51346,0,96,208.24441137186568,1.4683000044897199,1247.7034000039566,297.8047364935925
1789792369,100,,Aggregated,73.600000,0.000000,96,350,370,380,430,680,810,850,1000,1200,1200,51415,0,96,208.2480235398217,1.4683000044897199,1247.7034000039566,298.0361762131674
1789792370,100,,Aggregated,74.000000,0.000000,97,350,370,380,430,680,810,850,1000,1200,1200,51490,0,97,208.24061681685455,1.4683000044897199,1247.7034000039566,298.49697028549235
1789792371,100,,Aggregated,73.600000,0.000000,97,350,370,380,430,690,810,850,1000,1200,1200,51573,0,97,208.27279382234582,1.4683000044897199,1247.7034000039566,298.7188451321428
1789792372,100,,Aggregated,73.700000,0.000000,97,350,370,380,430,680,810,850,1000,1200,1200,51645,0,97,208.2410211675821,1.4683000044897199,1247.7034000039566,298.9600542162842
1789792373,100,,Aggregated,73.800000,0.000000,97,350,370,380,430,680,810,850,1000,1200,1200,51731,0,97,208.24750912025277,1.4683000044897199,1247.7034000039566,299.0481142835051
1789792374,100,,Aggregated,73.900000,0.000000,96,350,370,380,430,680,810,850,1000,1200,1200,51799,0,96,208.25997131990596,1.4683000044897199,1247.7034000039566,299.25546825228287
1789792375,100,,Aggregated,74.000000,0.000000,97,350,370,380,430,680,810,850,1000,1200,1200,51868,0,97,208.2689419642133,1.4683000044897199,1247.7034000039566,299.3939615948176
1789792376,100,,Aggregated,75.200000,0.000000,97,350,370,380,430,680,810,850,1000,1200,1200,51935,0,97,208.23351282949525,1.4683000044897199,1247.7034000039566,299.6043515933378
1789792377,100,,Aggregated,73.900000,0.000000,97,350,370,380,430,680,810,850,1000,1200,1200,52016,0,97,208.2620258785742,1.4683000044897199,1247.7034000039566,299.6139264841587
1789792378,100,,Aggregated,74.500000,0.000000,96,350,370,380,430,690,810,850,1000,1200,1200,52103,0,96,208.25844587067812,1.4683000044897199,1247.7034000039566,299.8298370535286
1789792379,100,,Aggregated,73.700000,0.000000,97,350,370,380,430,680,810,850,1000,1200,1200,52166,0,97,208.27877249932547,1.4683000044897199,1247.7034000039566,299.9582486677146
1789792380,100,,Aggregated,74.800000,0.000000,96,350,370,380,430,680,810,850,1000,1200,1200,52245,0,96,208.2601568379726,1.4683000044897199,1247.7034000039566,300.06236003445304
1789792381,100,,Aggregated,75.600000,0.000000,96,350,370,380,430,680,810,850,1000,1200,1200,52312,0,96,208.22147305589,1.4683000044897199,1247.7034000039566,300.0166692154764
1789792382,100,,Aggregated,74.400000,0.000000,97,350,370,380,430,680,810,850,1000,1200,1200,52389,0,97,208.2806436045693,1.4683000044897199,1247.7034000039566,299.9560594781347
1789792383,100,,Aggregated,74.500000,0.000000,97,350,370,380,430,690,810,850,1000,1200,1200,52477,0,97,208.27503850448383,1.4683000044897199,1247.7034000039566,300.10738037616477
1789792384,100,,Aggregated,73.400000,0.000000,97,350,370,380,430,690,810,850,1000,1200,1200,52553,0,97,208.25540466956403,1.4683000044897199,1247.7034000039566,300.2845888912146
1789792385,100,,Aggregated,73.400000,0.000000,97,350,370,380,430,680,810,850,1000,1200,1200,52621,0,97,208.235529220261,1.4683000044897199,1247.7034000039566,300.7317420801581
1789792386,100,,Aggregated,74.200000,0.000000,97,350,370,380,430,680,810,850,1000,1200,1200,52700,0,97,208.25268523717793,1.4683000044897199,1247.7034000039566,300.7301897533207
1789792387,100,,Aggregated,74.800000,0.000000,97,350,370,380,430,680,810,850,1000,1200,1200,52777,0,97,208.23511357029233,1.4683000044897199,1247.7034000039566,300.9611194270231
1789792388,100,,Aggregated,74.400000,0.000000,97,350,370,380,430,690,810,850,1000,1200,1200,52852,0,97,208.2233098217492,1.4683000044897199,1247.7034000039566,301.06355483236206
1789792389,100,,Aggregated,76.000000,0.000000,97,350,370,380,430,690,810,850,1000,1200,1200,52935,0,97,208.21272649663155,1.4683000044897199,1247.7034000039566,301.27254179654295
1789792390,100,,Aggregated,74.700000,0.000000,97,350,370,380,430,690,810,850,1000,1200,1200,53004,0,97,208.19001971547715,1.4683000044897199,1247.7034000039566,301.2139649837748
1789792391,100,,Aggregated,74.200000,0.000000,97,350,370,380,430,690,810,850,1000,1200,1200,53080,0,97,208.1858922984037,1.4683000044897199,1247.7034000039566,301.28038809344383
1789792392,100,,Aggregated,75.900000,0.000000,96,350,370,380,430,690,810,850,1000,1200,1200,53156,0,96,208.15214454058835,1.4683000044897199,1247.7034000039566,301.26196478290314
1789792394,100,,Aggregated,75.600000,0.000000,96,350,370,380,430,690,810,850,1000,1200,1200,53236,0,96,208.16230176947107,1.4683000044897199,1247.7034000039566,301.3324066421219
1789792395,100,,Aggregated,76.500000,0.000000,96,350,370,380,430,680,810,850,1000,1200,1200,53309,0,96,208.13291022715592,1.4683000044897199,1247.7034000039566,301.1569716183009
1789792396,100,,Aggregated,75.300000,0.000000,96,350,370,380,430,680,810,850,1000,1200,1200,53380,0,96,208.1283884600864,1.4683000044897199,1247.7034000039566,301.35282877482206
1789792397,100,,Aggregated,75.300000,0.000000,96,350,370,380,430,680,810,850,1000,1200,1200,53454,0,96,208.14625889735944,1.4683000044897199,1247.7034000039566,301.4368428929547
1789792398,100,,Aggregated,75.400000,0.000000,97,350,370,380,430,680,810,850,1000,1200,1200,53532,0,97,208.17873826121462,1.4683000044897199,1247.7034000039566,301.9454345064634
1789792399,100,,Aggregated,74.900000,0.000000,97,350,370,380,430,690,810,850,1000,1200,1200,53614,0,97,208.24629281902975,1.4683000044897199,1247.7034000039566,301.9516357667773
1789792400,100,,Aggregated,74.800000,0.000000,97,350,370,380,430,690,810,850,1000,1200,1200,53678,0,97,208.25025853048777,1.4683000044897199,1247.7034000039566,302.18400462014233
1789792401,100,,Aggregated,75.600000,0.000000,97,350,370,380,430,690,810,850,1000,1200,1200,53756,0,97,208.2303414074608,1.4683000044897199,1247.7034000039566,302.1568941141454
1789792402,100,,Aggregated,73.500000,0.000000,97,350,370,380,430,690,810,850,1000,1200,1200,53832,0,97,208.29834621785056,1.4683000044897199,1247.7034000039566,302.4093290236291
1789792403,100,,Aggregated,74.700000,0.000000,97,350,370,380,430,690,810,850,1000,1200,1200,53907,0,97,208.35596339435588,1.4683000044897199,1247.7034000039566,302.50789322351454
1789792404,100,,Aggregated,74.500000,0.000000,97,350,370,380,430,690,810,860,1000,1200,1200,53991,0,97,208.35213948805355,1.4683000044897199,1247.7034000039566,302.59269137448837
1789792405,100,,Aggregated,74.800000,0.000000,97,350,370,380,430,690,810,850,1000,1200,1200,54061,0,97,208.3701932187591,1.4683000044897199,1247.7034000039566,302.6477497641553
1789792406,100,,Aggregated,74.800000,0.000000,97,350,370,380,430,680,810,850,1000,1200,1200,54131,0,97,208.3278629712958,1.4683000044897199,1247.7034000039566,303.1429310376679
1789792407,100,,Aggregated,74.600000,0.000000,97,350,370,380,430,690,810,850,1000,1200,1200,54195,0,97,208.35101939660953,1.4683000044897199,1247.7034000039566,303.09080173447734
1789792408,100,,Aggregated,75.100000,0.000000,97,350,370,380,430,690,810,860,1000,1200,1200,54290,0,97,208.44656543192733,1.4683000044897199,1247.7034000039566,303.2090808620372
1789792409,100,,Aggregated,73.800000,0.000000,97,350,370,380,430,690,810,860,1000,1200,1200,54359,0,97,208.42293433468868,1.4683000044897199,1247.7034000039566,304.07202119244283
1789792410,100,,Aggregated,74.900000,0.000000,97,350,370,380,430,690,810,860,1000,1200,1200,54440,0,97,208.46020282327862,1.4683000044897199,1247.7034000039566,304.1545554739162
1789792411,100,,Aggregated,74.100000,0.000000,97,350,370,380,430,690,810,860,1000,1200,1200,54517,0,97,208.41702882952555,1.4683000044897199,1247.7034000039566,304.26428453509914
1789792412,100,,Aggregated,75.700000,0.000000,97,350,370,380,430,680,810,860,1000,1200,1200,54592,0,97,208.4083143610627,1.4683000044897199,1247.7034000039566,304.3048065650645
1789792413,100,,Aggregated,75.500000,0.000000,97,350,370,380,430,680,810,850,1000,1200,1200,54660,0,97,208.42369359493358,1.4683000044897199,1247.7034000039566,304.84963410171974
1789792414,100,,Aggregated,75.700000,0.000000,97,350,370,380,430,690,810,860,1000,1200,1200,54744,0,97,208.48235130788717,1.4683000044897199,1247.7034000039566,304.9745360222125
1789792415,100,,Aggregated,74.700000,0.000000,97,350,370,380,430,690,810,860,1000,1200,1200,54824,0,97,208.46873111409482,1.4683000044897199,1247.7034000039566,305.2246461403765
1789792416,100,,Aggregated,74.600000,0.000000,97,350,370,380,430,690,810,860,1000,1200,1200,54898,0,97,208.47255812232197,1.4683000044897199,1247.7034000039566,305.51672192065286
1789792417,100,,Aggregated,75.800000,0.000000,97,350,370,380,430,690,810,860,1000,1200,1200,54979,0,97,208.45126261843936,1.4683000044897199,1247.7034000039566,305.44191418541624
1789792418,100,,Aggregated,75.300000,0.000000,97,350,370,380,430,690,810,850,1000,1200,1200,55045,0,97,208.4438000399495,1.4683000044897199,1247.7034000039566,305.58141520574077
1789792419,100,,Aggregated,77.300000,0.000000,97,350,370,380,430,690,810,850,1000,1200,1200,55107,0,97,208.43590684847334,1.4683000044897199,1247.7034000039566,305.79029887310145
1789792420,100,,Aggregated,75.700000,0.000000,97,350,370,380,430,690,810,860,1000,1200,1200,55204,0,97,208.57045232227367,1.4683000044897199,1247.7034000039566,305.685892326643
1789792421,100,,Aggregated,74.900000,0.000000,97,350,370,380,430,690,810,860,1000,1200,1200,55281,0,97,208.55312257011954,1.4683000044897199,1247.7034000039566,306.0481358875563
1789792422,100,,Aggregated,75.500000,0.000000,97,350,370,380,430,690,810,860,1000,1200,1200,55358,0,97,208.51287644601868,1.4683000044897199,1247.7034000039566,306.17399472524295
1789792423,100,,Aggregated,75.700000,0.000000,97,350,370,380,430,680,810,860,1000,1200,1200,55428,0,97,208.4760144222904,1.4683000044897199,1247.7034000039566,306.65677996680375
1789792424,100,,Aggregated,75.700000,0.000000,97,350,370,380,430,680,810,860,1000,1200,1200,55505,0,97,208.53131275558485,1.4683000044897199,1247.7034000039566,307.00246824610394
1789792425,100,,Aggregated,75.500000,0.000000,97,350,370,380,430,690,810,860,1000,1200,1200,55597,0,97,208.59823161858745,1.4683000044897199,1247.7034000039566,307.1805313236326
1789792426,100,,Aggregated,75.200000,0.000000,97,350,370,380,430,690,810,860,1000,1200,1200,55666,0,97,208.51527324755978,1.4683000044897199,1247.7034000039566,307.6437322602666
1789792427,100,,Aggregated,76.700000,0.000000,97,350,370,380,430,690,810,860,1000,1200,1200,55742,0,97,208.48547884895737,1.4683000044897199,1247.7034000039566,307.8831043019626
1789792428,100,,Aggregated,77.300000,0.000000,97,350,370,380,430,690,810,860,1000,1200,1200,55816,0,97,208.482610801537,1.4683000044897199,1247.7034000039566,308.04145764655294
1789792429,100,,Aggregated,75.800000,0.000000,97,350,370,380,430,690,810,860,1000,1200,1200,55900,0,97,208.4765101734996,1.4683000044897199,1247.7034000039566,308.0808586762075
1789792430,100,,Aggregated,75.900000,0.000000,97,350,370,380,430,690,810,860,1000,1200,1200,55978,0,97,208.49743465823684,1.4683000044897199,1247.7034000039566,308.48715566829827
1789792431,100,,Aggregated,77.300000,0.000000,97,350,370,380,430,690,810,860,1000,1200,1200,56057,0,97,208.48230137715018,1.4683000044897199,1247.7034000039566,308.86197977059066
1789792432,100,,Aggregated,77.500000,0.000000,97,350,370,380,430,690,810,860,1000,1200,1200,56119,0,97,208.4454933623041,1.4683000044897199,1247.7034000039566,308.96849551845185
1789792433,100,,Aggregated,76.200000,0.000000,97,350,370,380,430,690,810,860,1000,1200,1200,56199,0,97,208.43239545542014,1.4683000044897199,1247.7034000039566,309.4587092297016
1789792434,100,,Aggregated,75.900000,0.000000,97,350,370,380,430,690,810,860,1000,1200,1200,56280,0,97,208.3986846925904,1.4683000044897199,1247.7034000039566,309.6507995735608
1789792435,100,,Aggregated,76.700000,0.000000,97,350,370,380,430,690,810,860,1000,1200,1200,56359,0,97,208.39939037241476,1.4683000044897199,1247.7034000039566,310.14487482034815
1789792436,100,,Aggregated,77.100000,0.000000,97,350,370,380,430,680,810,860,1000,1200,1200,56428,0,97,208.403025214415,1.4683000044897199,1247.7034000039566,310.16389026724323
1789792437,100,,Aggregated,75.700000,0.000000,97,350,370,380,430,680,810,860,1000,1200,1200,56506,0,97,208.420881237373,1.4683000044897199,1247.7034000039566,310.03238594131597
1789792438,100,,Aggregated,74.200000,0.000000,97,350,370,380,430,690,810,860,1000,1200,1200,56592,0,97,208.3954353212326,1.4683000044897199,1247.7034000039566,310.0822907831496
1789792439,100,,Aggregated,75.700000,0.000000,97,350,370,380,430,690,810,860,1000,1200,1200,56669,0,97,208.37199299263054,1.4683000044897199,1247.7034000039566,310.34064479697895
1789792440,100,,Aggregated,77.300000,0.000000,97,350,370,380,430,680,810,860,1000,1200,1200,56731,0,97,208.36313787346174,1.4683000044897199,1247.7034000039566,310.6257777934463
1789792441,100,,Aggregated,76.100000,0.000000,97,350,370,380,430,680,810,860,1000,1200,1200,56801,0,97,208.33102043800906,1.4683000044897199,1247.7034000039566,310.78995088114647
1789792442,100,,Aggregated,74.800000,0.000000,97,350,370,380,430,680,810,860,1000,1200,1200,56879,0,97,208.35350175810436,1.4683000044897199,1247.7034000039566,310.83536982014454
1789792443,100,,Aggregated,75.400000,0.000000,97,350,370,380,430,680,810,860,1000,1200,1200,56967,0,97,208.3458933715862,1.4683000044897199,1247.7034000039566,311.11769972089104
1789792444,100,,Aggregated,75.500000,0.000000,97,350,370,380,430,680,810,860,1000,1200,1200,57045,0,97,208.34949884300576,1.4683000044897199,1247.7034000039566,311.1274432465597
1789792445,100,,Aggregated,76.300000,0.000000,97,350,370,380,430,690,810,860,1000,1200,1200,57113,0,97,208.40953485719976,1.4683000044897199,1247.7034000039566,311.41717297287835
1789792446,100,,Aggregated,75.900000,0.000000,97,350,370,380,430,680,810,860,1000,1200,1200,57182,0,97,208.43516595955268,1.4683000044897199,1247.7034000039566,311.51339582386066
1789792447,100,,Aggregated,75.000000,0.000000,97,350,370,380,430,680,810,860,1000,1200,1200,57263,0,97,208.43091132667158,1.4683000044897199,1247.7034000039566,311.48988002724275
1789792448,100,,Aggregated,75.200000,0.000000,97,350,370,380,430,690,810,860,1000,1200,1200,57337,0,97,208.47470533162632,1.4683000044897199,1247.7034000039566,311.4215253675637
1789792449,100,,Aggregated,74.100000,0.000000,97,350,370,380,430,680,810,860,1000,1200,1200,57406,0,97,208.44697039855885,1.4683000044897199,1247.7034000039566,311.5870118106121
1789792450,100,,Aggregated,73.900000,0.000000,97,350,370,380,430,690,810,860,1000,1200,1200,57487,0,97,208.43888804425072,1.4683000044897199,1247.7034000039566,311.69633134447787
1789792451,100,,Aggregated,73.900000,0.000000,97,350,370,380,430,680,810,860,1000,1200,1200,57563,0,97,208.38378919792015,1.4683000044897199,1247.7034000039566,311.5955561732363
1789792452,100,,Aggregated,74.600000,0.000000,97,350,370,380,430,690,810,860,1000,1200,1200,57639,0,97,208.4073323392078,1.4683000044897199,1247.7034000039566,311.95291382570826
1789792453,100,,Aggregated,75.300000,0.000000,97,350,370,380,430,680,810,860,1000,1200,1200,57719,0,97,208.37050707218847,1.4683000044897199,1247.7034000039566,312.0491692510265
1789792454,100,,Aggregated,75.000000,0.000000,97,350,370,380,430,680,810,860,1000,1200,1200,57795,0,97,208.3558642097012,1.4683000044897199,1247.7034000039566,312.2228393459642
1789792455,100,,Aggregated,75.000000,0.000000,97,350,370,380,430,680,810,860,1000,1200,1200,57874,0,97,208.3460132874764,1.4683000044897199,1247.7034000039566,312.36232159518954
1789792456,100,,Aggregated,74.800000,0.000000,97,350,370,380,430,680,810,860,1000,1200,1200,57945,0,97,208.3463483648175,1.4683000044897199,1247.7034000039566,312.4242816463888
1789792457,100,,Aggregated,75.200000,0.000000,97,350,370,380,430,680,810,860,1000,1200,1200,58028,0,97,208.40621016749444,1.4683000044897199,1247.7034000039566,312.62766250775485
1789792458,100,,Aggregated,76.500000,0.000000,97,350,370,380,430,690,810,860,1000,1200,1200,58100,0,97,208.3825555215051,1.4683000044897199,1247.7034000039566,312.8610843373494
1789792459,100,,Aggregated,77.000000,0.000000,97,350,370,380,430,690,810,860,1000,1200,1200,58180,0,97,208.38631010655536,1.4683000044897199,1247.7034000039566,313.20751117222414
1789792460,100,,Aggregated,75.400000,0.000000,97,350,370,380,430,690,810,860,1000,1200,1200,58267,0,97,208.32739351261654,1.4683000044897199,1247.7034000039566,313.3050783462337
1789792461,100,,Aggregated,77.000000,0.000000,97,350,370,380,430,680,810,860,1000,1200,1200,58334,0,97,208.32260928960292,1.4683000044897199,1247.7034000039566,313.34057325059143
1789792462,100,,Aggregated,76.800000,0.000000,97,350,370,380,430,690,810,860,1000,1200,1200,58413,0,97,208.32604937085594,1.4683000044897199,1247.7034000039566,313.56444627052196
1789792463,100,,Aggregated,76.500000,0.000000,97,350,370,380,430,690,810,860,1000,1200,1200,58491,0,97,208.3387580003734,1.4683000044897199,1247.7034000039566,313.7178369321776
1789792464,100,,Aggregated,76.500000,0.000000,96,350,370,380,430,690,810,860,1000,1200,1200,58567,0,96,208.3188690474126,1.4683000044897199,1247.7034000039566,313.9201768914235
1789792465,100,,Aggregated,76.800000,0.000000,96,350,370,380,430,690,810,860,1000,1200,1200,58643,0,96,208.2925084630719,1.4683000044897199,1247.7034000039566,314.35878109919344
1789792466,100,,Aggregated,76.300000,0.000000,96,350,370,380,430,680,810,850,1000,1200,1200,58720,0,96,208.28383372275113,1.4683000044897199,1247.7034000039566,314.5608310626703
1789792467,100,,Aggregated,76.400000,0.000000,96,350,370,380,430,680,810,850,1000,1200,1200,58789,0,96,208.27479266529411,1.4683000044897199,1247.7034000039566,314.88506353229343
1789792468,100,,Aggregated,76.100000,0.000000,96,350,370,380,430,690,810,860,1000,1200,1200,58867,0,96,208.3578025922842,1.4683000044897199,1247.7034000039566,314.791394159716
1789792469,100,,Aggregated,75.500000,0.000000,96,350,370,380,430,690,810,860,1000,1200,1200,58940,0,96,208.35407046827197,1.4683000044897199,1247.7034000039566,315.3784696301323
1789792470,100,,Aggregated,75.700000,0.000000,96,350,370,380,430,690,810,860,1000,1200,1200,59016,0,96,208.34869930696658,1.4683000044897199,1247.7034000039566,315.37191609055174
1789792471,100,,Aggregated,75.000000,0.000000,96,350,370,380,430,680,810,860,1000,1200,1200,59089,0,96,208.2938926822236,1.4683000044897199,1247.7034000039566,315.603581038772
1789792472,100,,Aggregated,73.900000,0.000000,96,350,370,380,430,680,810,860,1000,1200,1200,59158,0,96,208.30821731126576,1.4683000044897199,1247.7034000039566,315.98351871260013
1789792473,100,,Aggregated,75.400000,0.000000,96,350,370,380,430,680,810,860,1000,1200,1200,59241,0,96,208.309390876249,1.4683000044897199,1247.7034000039566,316.67662598538175
1789792474,100,,Aggregated,75.200000,0.000000,96,350,370,380,430,680,810,860,1000,1200,1200,59318,0,96,208.3549352995716,1.4683000044897199,1247.7034000039566,316.80368522202366
1789792475,100,,Aggregated,73.200000,0.000000,96,350,370,380,430,680,810,860,1000,1200,1200,59395,0,96,208.32211543900783,1.4683000044897199,1247.7034000039566,317.1950669248253
1789792476,100,,Aggregated,74.800000,0.000000,96,350,370,380,430,680,810,860,1000,1200,1200,59465,0,96,208.29082140586647,1.4683000044897199,1247.7034000039566,317.2674346254099
1789792477,100,,Aggregated,73.200000,0.000000,96,350,370,380,430,680,810,860,1000,1200,1200,59546,0,96,208.30829931985008,1.4683000044897199,1247.7034000039566,317.50633123971386
1789792478,100,,Aggregated,74.300000,0.000000,96,350,370,380,430,680,810,860,1000,1200,1200,59610,0,96,208.32205318570817,1.4683000044897199,1247.7034000039566,317.84920315383323
1789792479,100,,Aggregated,75.300000,0.000000,96,350,370,380,430,680,810,860,1000,1200,1200,59697,0,96,208.284427639579,1.4683000044897199,1247.7034000039566,318.08082483206863
1789792480,100,,Aggregated,75.400000,0.000000,96,350,370,380,430,680,810,860,1000,1200,1200,59772,0,96,208.25674696179001,1.4683000044897199,1247.7034000039566,317.8822023690022
1789792481,100,,Aggregated,74.700000,0.000000,96,350,370,380,430,680,810,860,1000,1200,1200,59850,0,96,208.23583635087974,1.4683000044897199,1247.7034000039566,318.32130325814535
1789792482,100,,Aggregated,75.800000,0.000000,96,350,370,380,430,680,810,860,1000,1200,1200,59922,0,96,208.25533687293398,1.4683000044897199,1247.7034000039566,318.3342511932178
1789792483,100,,Aggregated,74.000000,0.000000,96,350,370,380,430,680,810,860,1000,1200,1200,60006,0,96,208.23113913108597,1.4683000044897199,1247.7034000039566,319.27170616271707
1789792484,100,,Aggregated,74.900000,0.000000,96,350,370,380,430,680,810,860,1000,1200,1200,60079,0,96,208.23037092162022,1.4683000044897199,1247.7034000039566,319.15654388388623
1789792485,100,,Aggregated,75.700000,0.000000,96,350,370,380,430,680,810,860,1000,1200,1200,60150,0,96,208.2324446716592,1.4683000044897199,1247.7034000039566,319.4267331670823
1789792486,100,,Aggregated,74.600000,0.000000,96,350,370,380,430,680,810,850,1000,1200,1200,60224,0,96,208.23902897516174,1.4683000044897199,1247.7034000039566,319.80555924548355
1789792487,100,,Aggregated,76.300000,0.000000,96,350,370,380,430,680,810,850,1000,1200,1200,60306,0,96,208.25096752893646,1.4683000044897199,1247.7034000039566,320.18790833416244
1789792488,100,,Aggregated,75.200000,0.000000,96,350,370,380,430,680,810,850,1000,1200,1200,60367,0,96,208.24702136431875,1.4683000044897199,1247.7034000039566,320.6838173174085
1789792489,100,,Aggregated,74.300000,0.000000,96,350,370,380,430,680,810,850,1000,1200,1200,60437,0,96,208.26328236345148,1.4683000044897199,1247.7034000039566,320.85057166967255
1789792490,100,,Aggregated,75.300000,0.000000,96,350,370,380,430,680,810,850,1000,1200,1200,60519,0,96,208.30075891042273,1.4683000044897199,1247.7034000039566,320.75067334225616
1789792491,100,,Aggregated,74.400000,0.000000,96,350,370,380,430,680,810,850,1000,1200,1200,60600,0,96,208.28355862375938,1.4683000044897199,1247.7034000039566,321.0783498349835
1789792492,100,,Aggregated,73.500000,0.000000,96,350,370,380,430,680,810,850,1000,1200,1200,60681,0,96,208.24490501968978,1.4683000044897199,1247.7034000039566,321.496778233714
1789792493,100,,Aggregated,75.100000,0.000000,96,350,370,380,430,680,810,850,1000,1200,1200,60746,0,96,208.2373600681479,1.4683000044897199,1247.7034000039566,321.7712771211273
1789792494,100,,Aggregated,75.000000,0.000000,96,350,370,380,430,680,810,850,1000,1200,1200,60821,0,96,208.25410975155987,1.4683000044897199,1247.7034000039566,322.25346508607225
1789792495,100,,Aggregated,75.500000,0.000000,96,350,370,380,430,680,810,850,1000,1200,1200,60905,0,96,208.24064581560836,1.4683000044897199,1247.7034000039566,322.42019538625726
1789792496,100,,Aggregated,75.200000,0.000000,96,350,370,380,430,680,810,850,1000,1200,1200,60984,0,96,208.24285792010645,1.4683000044897199,1247.7034000039566,323.07754492981763
1789792497,100,,Aggregated,73.700000,0.000000,96,350,370,380,430,680,810,850,1000,1200,1200,61054,0,96,208.23388992694842,1.4683000044897199,1247.7034000039566,323.21939594457365
1789792498,100,,Aggregated,74.400000,0.000000,96,350,370,380,430,680,810,850,1000,1200,1200,61123,0,96,208.21392600657126,1.4683000044897199,1247.7034000039566,323.3533367144937
1789792499,100,,Aggregated,76.200000,0.000000,96,350,370,380,430,680,810,860,1000,1200,1200,61220,0,96,208.24637997058935,1.4683000044897199,1247.7034000039566,323.5999346618752
1789792500,100,,Aggregated,74.200000,0.000000,96,350,370,380,430,680,810,860,1000,1200,1200,61299,0,96,208.21287383806333,1.4683000044897199,1247.7034000039566,323.4913293854712
1789792501,100,,Aggregated,75.300000,0.000000,96,350,370,380,430,680,810,850,1000,1200,1200,61359,0,96,208.2379847911377,1.4683000044897199,1247.7034000039566,323.4912726739354
1789792502,100,,Aggregated,77.500000,0.000000,96,350,370,380,430,680,810,860,1000,1200,1200,61443,0,96,208.22295625049964,1.4683000044897199,1247.7034000039566,323.6521979721042
1789792503,100,,Aggregated,76.100000,0.000000,96,350,370,380,430,680,810,850,1000,1200,1200,61516,0,96,208.21362517718083,1.4683000044897199,1247.7034000039566,323.8066844398205
1789792504,100,,Aggregated,75.800000,0.000000,96,350,370,380,430,680,810,860,1000,1200,1200,61590,0,96,208.23960876440174,1.4683000044897199,1247.7034000039566,323.7185906803052
1789792505,100,,Aggregated,75.300000,0.000000,96,350,370,380,430,680,810,860,1000,1200,1200,61650,0,96,208.22251984265125,1.4683000044897199,1247.7034000039566,324.1222708840227
1789792506,100,,Aggregated,76.300000,0.000000,96,350,370,380,430,680,810,860,1000,1200,1200,61741,0,96,208.33979566899222,1.4683000044897199,1247.7034000039566,324.31742278226784
1789792507,100,,Aggregated,76.200000,0.000000,96,350,370,380,430,680,810,860,1000,1200,1300,61816,0,96,208.39604494466124,1.4683000044897199,1315.1708000223152,324.4887407790863
1789792508,100,,Aggregated,74.700000,0.000000,96,350,370,380,430,680,810,860,1000,1200,1300,61895,0,96,208.36130611841236,1.4683000044897199,1315.1708000223152,324.59235802568867
1789792509,100,,Aggregated,74.300000,0.000000,96,350,370,380,430,680,810,860,1000,1200,1300,61968,0,96,208.3354194406628,1.4683000044897199,1315.1708000223152,324.9078879421637
1789792510,100,,Aggregated,75.800000,0.000000,96,350,370,380,430,680,810,860,1000,1200,1300,62042,0,96,208.33623552914648,1.4683000044897199,1315.1708000223152,325.2331968666387
1789792511,100,,Aggregated,76.400000,0.000000,96,350,370,380,430,680,810,860,1000,1200,1300,62116,0,96,208.3664700061079,1.4683000044897199,1315.1708000223152,325.1528591667203
1789792512,100,,Aggregated,74.100000,0.000000,96,350,370,380,430,680,810,860,1000,1200,1300,62202,0,96,208.39672361016375,1.4683000044897199,1315.1708000223152,325.663821099
1789792513,100,,Aggregated,74.300000,0.000000,96,350,370,380,430,680,810,860,1000,1200,1300,62272,0,96,208.4013734246423,1.4683000044897199,1315.1708000223152,325.75216790853034
1789792514,100,,Aggregated,74.000000,0.000000,96,350,370,380,430,680,810,860,1000,1200,1300,62346,0,96,208.34775140665434,1.4683000044897199,1315.1708000223152,326.05527219067784
1789792515,100,,Aggregated,75.200000,0.000000,96,350,370,380,430,680,810,860,1000,1200,1300,62414,0,96,208.36611049602928,1.4683000044897199,1315.1708000223152,325.9738680424264
1789792517,100,,Aggregated,74.000000,0.000000,96,350,370,380,430,690,810,860,1000,1200,1300,62500,0,96,208.40339745598777,1.4683000044897199,1315.1708000223152,326.38176
1789792518,100,,Aggregated,75.300000,0.000000,96,350,370,380,430,680,810,860,1000,1200,1300,62583,0,96,208.3472528705801,1.4683000044897199,1315.1708000223152,326.69272805714013
1789792519,100,,Aggregated,75.400000,0.000000,96,350,370,380,430,680,810,860,1000,1200,1300,62650,0,96,208.37265849320605,1.4683000044897199,1315.1708000223152,326.71661612130885
1789792520,100,,Aggregated,76.000000,0.000000,96,350,370,380,430,680,810,860,1000,1200,1300,62732,0,96,208.36859106356093,1.4683000044897199,1315.1708000223152,327.10068226742334
1789792521,100,,Aggregated,76.000000,0.000000,96,350,370,380,430,680,810,860,1000,1200,1300,62803,0,96,208.3458009887972,1.4683000044897199,1315.1708000223152,327.4193430250147
1789792522,100,,Aggregated,75.900000,0.000000,96,350,370,380,430,680,810,860,1000,1200,1300,62879,0,96,208.36500339063207,1.4683000044897199,1315.1708000223152,327.56527616533344
1789792523,100,,Aggregated,75.600000,0.000000,96,350,370,380,430,680,810,860,1000,1200,1300,62965,0,96,208.34702156276518,1.4683000044897199,1315.1708000223152,328.1001508774716
1789792524,100,,Aggregated,76.100000,0.000000,96,350,370,380,430,690,810,860,1000,1200,1300,63037,0,96,208.389985538645,1.4683000044897199,1315.1708000223152,328.4141535923347
1789792525,100,,Aggregated,75.800000,0.000000,96,350,370,380,430,690,810,860,1000,1200,1300,63114,0,96,208.36357112842867,1.4683000044897199,1315.1708000223152,328.5819311087873
1789792526,100,,Aggregated,75.700000,0.000000,96,350,370,380,430,690,810,860,1000,1200,1300,63185,0,96,208.3354483152575,1.4683000044897199,1315.1708000223152,329.07473292711876
1789792527,100,,Aggregated,76.200000,0.000000,96,350,370,380,430,680,810,860,1000,1200,1300,63262,0,96,208.31633773196398,1.4683000044897199,1315.1708000223152,329.0749423034365
1789792528,100,,Aggregated,76.600000,0.000000,96,350,370,380,430,690,810,860,1000,1200,1300,63345,0,96,208.3170432678114,1.4683000044897199,1315.1708000223152,329.13881127160784
1789792529,100,,Aggregated,75.400000,0.000000,96,350,370,380,430,690,810,860,1000,1200,1300,63418,0,96,208.32167081427184,1.4683000044897199,1315.1708000223152,329.1890945788262
1789792530,100,,Aggregated,75.900000,0.000000,96,350,370,380,430,690,810,860,1000,1200,1300,63491,0,96,208.29385693089455,1.4683000044897199,1315.1708000223152,329.4055535430218
1789792531,100,,Aggregated,75.800000,0.000000,96,350,370,380,430,680,810,860,1000,1200,1300,63567,0,96,208.2630262746309,1.4683000044897199,1315.1708000223152,329.3954410307235
1789792532,100,,Aggregated,75.800000,0.000000,96,350,370,380,430,690,810,860,1000,1200,1300,63630,0,96,208.2701106584856,1.4683000044897199,1315.1708000223152,329.4149614961496
1789792533,100,,Aggregated,75.100000,0.000000,96,350,370,380,430,690,810,860,1000,1200,1300,63723,0,96,208.31326907238218,1.4683000044897199,1315.1708000223152,329.54807526324873
1789792534,100,,Aggregated,75.000000,0.000000,96,350,370,380,430,680,810,860,1000,1200,1300,63785,0,96,208.3065117723517,1.4683000044897199,1315.1708000223152,329.6352120404484
1789792535,100,,Aggregated,75.000000,0.000000,96,350,370,380,430,690,810,860,1000,1200,1300,63866,0,96,208.3620209328812,1.4683000044897199,1315.1708000223152,329.83712773619766
1789792536,100,,Aggregated,75.000000,0.000000,96,350,370,380,430,690,810,860,1000,1200,1300,63942,0,96,208.31511337305,1.4683000044897199,1315.1708000223152,330.2824591035626
1789792537,100,,Aggregated,74.000000,0.000000,96,350,370,380,430,680,810,860,1000,1200,1300,64021,0,96,208.29036029583241,1.4683000044897199,1315.1708000223152,330.7573764858406
1789792538,100,,Aggregated,75.400000,0.000000,96,350,370,380,430,680,810,860,1000,1200,1300,64093,0,96,208.3006744574227,1.4683000044897199,1315.1708000223152,330.90220460892766
1789792539,100,,Aggregated,75.400000,0.000000,96,350,370,380,430,690,810,860,1000,1200,1300,64159,0,96,208.3199714973678,1.4683000044897199,1315.1708000223152,331.21516856559487
1789792540,100,,Aggregated,73.100000,0.000000,96,350,370,380,430,680,810,860,1000,1200,1300,64246,0,96,208.2826300469993,1.4683000044897199,1315.1708000223152,331.280686735361
1789792541,100,,Aggregated,74.100000,0.000000,96,350,370,380,430,690,810,860,1000,1200,1300,64327,0,96,208.2768455796068,1.4683000044897199,1315.1708000223152,331.5921619226763
1789792542,100,,Aggregated,74.900000,0.000000,96,350,370,380,430,680,810,860,1000,1200,1300,64393,0,96,208.25804493344302,1.4683000044897199,1315.1708000223152,331.53089621542716
1789792543,100,,Aggregated,75.700000,0.000000,96,350,370,380,430,680,810,860,1000,1200,1300,64460,0,96,208.26721533352867,1.4683000044897199,1315.1708000223152,331.9859447719516
1789792544,100,,Aggregated,75.000000,0.000000,96,350,370,380,430,680,810,860,1000,1200,1300,64527,0,96,208.25161814743248,1.4683000044897199,1315.1708000223152,332.26973205014957
1789792545,100,,Aggregated,73.400000,0.000000,96,350,370,380,430,690,810,860,1000,1200,1300,64612,0,96,208.29689060235378,1.4683000044897199,1315.1708000223152,332.29417136135703
1789792546,100,,Aggregated,73.600000,0.000000,96,350,370,380,430,690,810,860,1000,1200,1300,64693,0,96,208.27508198876592,1.4683000044897199,1315.1708000223152,332.7222419736293
1789792547,100,,Aggregated,74.000000,0.000000,96,350,370,380,430,690,810,860,1000,1200,1300,64762,0,96,208.26467231245675,1.4683000044897199,1315.1708000223152,333.1943886847225
1789792548,100,,Aggregated,74.500000,0.000000,96,350,370,380,430,680,810,860,1000,1200,1300,64830,0,96,208.27927618385277,1.4683000044897199,1315.1708000223152,333.79600493598645
1789792549,100,,Aggregated,73.200000,0.000000,96,350,370,380,430,690,810,860,1000,1200,1300,64906,0,96,208.27936135641275,1.4683000044897199,1315.1708000223152,333.853357162666
1789792550,100,,Aggregated,74.100000,0.000000,96,350,370,380,430,690,810,860,1000,1200,1300,64988,0,96,208.3035787622217,1.4683000044897199,1315.1708000223152,333.9947836523666
1789792551,100,,Aggregated,74.700000,0.000000,96,350,370,380,430,690,810,860,1000,1200,1300,65072,0,96,208.29542749722322,1.4683000044897199,1315.1708000223152,334.17525202852227
1789792552,100,,Aggregated,73.700000,0.000000,96,350,370,380,430,680,810,860,1000,1200,1300,65145,0,96,208.24220530507438,1.4683000044897199,1315.1708000223152,334.29839588610025
1789792553,100,,Aggregated,74.300000,0.000000,96,350,370,380,430,680,810,860,1000,1200,1300,65209,0,96,208.27273957581147,1.4683000044897199,1315.1708000223152,334.5895351868607
1789792554,100,,Aggregated,74.800000,0.000000,96,350,370,380,430,690,810,860,1000,1200,1300,65298,0,96,208.33774691260243,1.4683000044897199,1315.1708000223152,334.8229961101412
1789792555,100,,Aggregated,75.000000,0.000000,96,350,370,380,430,690,810,860,1000,1200,1300,65379,0,96,208.3560403370955,1.4683000044897199,1315.1708000223152,334.87655057434347
1789792556,100,,Aggregated,75.800000,0.000000,96,350,370,380,430,690,810,860,1000,1200,1300,65454,0,96,208.32424228158627,1.4683000044897199,1315.1708000223152,335.0065847770954
1789792557,100,,Aggregated,76.000000,0.000000,96,350,370,380,430,680,810,860,1000,1200,1300,65529,0,96,208.32583244821123,1.4683000044897199,1315.1708000223152,335.12513543621907
1789792558,100,,Aggregated,75.000000,0.000000,96,350,370,380,430,680,810,860,1000,1200,1300,65603,0,96,208.3140625840127,1.4683000044897199,1315.1708000223152,335.4345228114568
1789792559,100,,Aggregated,76.200000,0.000000,96,350,370,380,430,680,810,860,1000,1200,1300,65670,0,96,208.33261656462633,1.4683000044897199,1315.1708000223152,335.5274097761535
1789792560,100,,Aggregated,77.000000,0.000000,96,350,370,380,430,690,810,860,1000,1200,1300,65755,0,96,208.3254451296312,1.4683000044897199,1315.1708000223152,335.45020150558895
1789792561,100,,Aggregated,75.500000,0.000000,96,350,370,380,430,690,810,860,1000,1200,1300,65833,0,96,208.31772875607948,1.4683000044897199,1315.1708000223152,335.6559780049519
1789792562,100,,Aggregated,75.200000,0.000000,96,350,370,380,430,680,810,860,1000,1200,1300,65902,0,96,208.31753602468973,1.4683000044897199,1315.1708000223152,335.81511941974446
1789792563,100,,Aggregated,74.800000,0.000000,96,350,370,380,430,680,810,860,1000,1200,1300,65975,0,96,208.30915973473233,1.4683000044897199,1315.1708000223152,336.09194391815083
1789792564,100,,Aggregated,75.600000,0.000000,96,350,370,380,430,690,810,860,1000,1200,1300,66054,0,96,208.31727023645738,1.4683000044897199,1315.1708000223152,336.3502891573561
1789792565,100,,Aggregated,75.700000,0.000000,96,350,370,380,430,690,810,860,1000,1200,1300,66134,0,96,208.38869375206536,1.4683000044897199,1315.1708000223152,336.230879729035
1789792566,100,,Aggregated,75.900000,0.000000,96,350,370,380,430,690,810,860,1000,1200,1300,66210,0,96,208.34291487840298,1.4683000044897199,1315.1708000223152,336.40714393596136
1789792567,100,,Aggregated,74.700000,0.000000,96,350,370,380,430,680,810,860,1000,1200,1300,66288,0,96,208.3152055424692,1.4683000044897199,1315.1708000223152,336.9114771904417
1789792568,100,,Aggregated,74.900000,0.000000,96,350,370,380,430,690,810,860,1000,1200,1300,66358,0,96,208.31151248981772,1.4683000044897199,1315.1708000223152,336.9985533017873
1789792569,100,,Aggregated,75.200000,0.000000,96,350,370,380,430,690,810,860,1000,1200,1300,66434,0,96,208.28459950024535,1.4683000044897199,1315.1708000223152,336.9808531775898
1789792570,100,,Aggregated,74.400000,0.000000,96,350,370,380,430,690,810,860,1000,1200,1300,66502,0,96,208.31560552764282,1.4683000044897199,1315.1708000223152,337.2532104297615
1789792571,100,,Aggregated,76.100000,0.000000,96,350,370,380,430,690,810,860,1000,1200,1300,66580,0,96,208.28243328025246,1.4683000044897199,1315.1708000223152,337.59686091919497
1789792572,100,,Aggregated,75.500000,0.000000,96,350,370,380,430,680,810,860,1000,1200,1300,66653,0,96,208.2690384453698,1.4683000044897199,1315.1708000223152,337.68982641441494
1789792573,100,,Aggregated,74.100000,0.000000,96,350,370,380,430,690,810,860,1000,1200,1300,66740,0,96,208.28055365446866,1.4683000044897199,1315.1708000223152,337.6521276595745
1789792574,100,,Aggregated,73.700000,0.000000,96,350,370,380,430,690,810,860,1000,1200,1300,66819,0,96,208.28482794563143,1.4683000044897199,1315.1708000223152,337.5296547389216
1789792575,100,,Aggregated,76.000000,0.000000,96,350,370,380,430,680,810,860,1000,1200,1300,66885,0,96,208.25894058905757,1.4683000044897199,1315.1708000223152,337.9031471929431
1789792576,100,,Aggregated,75.700000,0.000000,96,350,370,380,430,680,810,860,1000,1200,1300,66953,0,96,208.28255954772894,1.4683000044897199,1315.1708000223152,338.06532941018327
1789792577,100,,Aggregated,76.300000,0.000000,96,350,370,380,430,680,810,860,1000,1200,1300,67023,0,96,208.2723567730365,1.4683000044897199,1315.1708000223152,338.56367217223936
1789792578,100,,Aggregated,74.300000,0.000000,96,350,370,380,430,680,810,860,1000,1200,1300,67104,0,96,208.2552290504177,1.4683000044897199,1315.1708000223152,338.95633643299954
1789792579,100,,Aggregated,73.900000,0.000000,96,350,370,380,430,680,810,860,1000,1200,1300,67188,0,96,208.2579498318047,1.4683000044897199,1315.1708000223152,339.02315889742215
1789792580,100,,Aggregated,74.400000,0.000000,96,350,370,380,430,680,810,860,1000,1200,1300,67261,0,96,208.26052864957708,1.4683000044897199,1315.1708000223152,339.3435423202153
1789792581,100,,Aggregated,75.000000,0.000000,96,350,370,380,430,680,810,860,1000,1200,1300,67341,0,96,208.2547375447238,1.4683000044897199,1315.1708000223152,339.4787573692104
1789792582,100,,Aggregated,74.900000,0.000000,96,350,370,380,430,680,810,860,1000,1200,1300,67409,0,96,208.21273777684414,1.4683000044897199,1315.1708000223152,339.30970641902417
1789792583,100,,Aggregated,75.400000,0.000000,96,350,370,380,430,680,810,860,1000,1200,1300,67491,0,96,208.20467661464778,1.4683000044897199,1315.1708000223152,339.6141855951164
1789792584,100,,Aggregated,75.800000,0.000000,96,350,370,380,430,680,810,860,1000,1200,1300,67566,0,96,208.18969465410277,1.4683000044897199,1315.1708000223152,339.6516295178048
1789792585,100,,Aggregated,75.200000,0.000000,96,350,370,380,430,680,810,860,1000,1200,1300,67651,0,96,208.2240898257068,1.4683000044897199,1315.1708000223152,339.8889003858036
1789792586,100,,Aggregated,73.500000,0.000000,96,350,370,380,430,680,810,860,1000,1200,1300,67719,0,96,208.2595553138521,1.4683000044897199,1315.1708000223152,340.1769370486865
1789792587,100,,Aggregated,74.500000,0.000000,96,350,370,380,430,680,810,860,1000,1200,1300,67793,0,96,208.22401424333893,1.4683000044897199,1315.1708000223152,340.1739117608013
1789792588,100,,Aggregated,75.400000,0.000000,96,350,370,380,430,680,810,860,1000,1200,1300,67865,0,96,208.23845061959125,1.4683000044897199,1315.1708000223152,340.2947027186326
1789792589,100,,Aggregated,76.300000,0.000000,96,350,370,380,430,680,810,860,1000,1200,1300,67947,0,96,208.2270459490256,1.4683000044897199,1315.1708000223152,340.8481316320073
1789792590,100,,Aggregated,75.100000,0.000000,96,350,370,380,430,680,810,860,1000,1200,1300,68017,0,96,208.22099918988616,1.4683000044897199,1315.1708000223152,340.9999852977932
1789792591,100,,Aggregated,74.300000,0.000000,96,350,370,380,430,690,810,860,1000,1200,1300,68095,0,96,208.21738239369125,1.4683000044897199,1315.1708000223152,340.98857478522655
1789792592,100,,Aggregated,75.600000,0.000000,96,350,370,380,430,680,810,860,1000,1200,1300,68175,0,96,208.17840496367143,1.4683000044897199,1315.1708000223152,340.9542647598093
1789792593,100,,Aggregated,76.000000,0.000000,96,350,370,380,430,690,810,860,1000,1200,1300,68256,0,96,208.18051257762446,1.4683000044897199,1315.1708000223152,341.37442862165966
1789792594,100,,Aggregated,75.300000,0.000000,96,350,370,380,430,680,810,860,1000,1200,1300,68330,0,96,208.15432697494927,1.4683000044897199,1315.1708000223152,341.5449436557881
1789792595,100,,Aggregated,74.200000,0.000000,96,350,370,380,430,680,810,860,1000,1200,1300,68406,0,96,208.15975288714804,1.4683000044897199,1315.1708000223152,341.7040171914744
1789792596,100,,Aggregated,76.800000,0.000000,96,350,370,380,430,680,810,860,1000,1200,1300,68480,0,96,208.16987375581581,1.4683000044897199,1315.1708000223152,341.7466851635514
1789792597,100,,Aggregated,75.700000,0.000000,96,350,370,380,430,680,810,860,1000,1200,1300,68551,0,96,208.18410617056236,1.4683000044897199,1315.1708000223152,341.89842598940936
1789792598,100,,Aggregated,75.200000,0.000000,96,350,370,380,430,680,810,860,1000,1200,1300,68632,0,96,208.17183434984207,1.4683000044897199,1315.1708000223152,342.04375509966195
1789792599,100,,Aggregated,74.900000,0.000000,96,350,370,380,430,690,810,860,1000,1200,1300,68708,0,96,208.1898840120272,1.4683000044897199,1315.1708000223152,342.5022268149269
1789792600,100,,Aggregated,76.400000,0.000000,96,350,370,380,430,680,810,860,1000,1200,1300,68784,0,96,208.15238729789652,1.4683000044897199,1315.1708000223152,342.49036113049544
1789792601,100,,Aggregated,75.600000,0.000000,96,350,370,380,430,680,810,860,1000,1200,1300,68854,0,96,208.12343183400537,1.4683000044897199,1315.1708000223152,342.4138321666134
1789792602,100,,Aggregated,75.200000,0.000000,96,350,370,380,430,680,810,860,1000,1200,1300,68928,0,96,208.12333793231838,1.4683000044897199,1315.1708000223152,342.21449918755803
1789792603,100,,Aggregated,75.100000,0.000000,96,350,370,380,430,680,810,860,1000,1200,1300,69005,0,96,208.1485029273084,1.4683000044897199,1315.1708000223152,342.71151365843053
1789792604,100,,Aggregated,76.500000,0.000000,96,350,370,380,430,680,810,860,1000,1200,1300,69078,0,96,208.13876879757444,1.4683000044897199,1315.1708000223152,342.74220446451835
1789792605,100,,Aggregated,75.400000,0.000000,96,350,370,380,430,680,810,860,1000,1200,1300,69155,0,96,208.15371151035717,1.4683000044897199,1315.1708000223152,342.79041284072014
1789792606,100,,Aggregated,72.800000,0.000000,96,350,370,380,430,680,810,860,1000,1200,1300,69228,0,96,208.12643644188498,1.4683000044897199,1315.1708000223152,342.9147599237303
1789792607,100,,Aggregated,74.300000,0.000000,96,350,370,380,430,680,810,860,1000,1200,1300,69295,0,96,208.11242617358843,1.4683000044897199,1315.1708000223152,343.0864131611227
1789792608,100,,Aggregated,75.000000,0.000000,96,350,370,380,430,680,810,860,1000,1200,1300,69379,0,96,208.0866918058612,1.4683000044897199,1315.1708000223152,343.3417748886551
1789792609,100,,Aggregated,74.200000,0.000000,96,350,370,380,430,680,810,860,1000,1200,1300,69445,0,96,208.0910362804931,1.4683000044897199,1315.1708000223152,343.4671466628267
1789792610,100,,Aggregated,72.900000,0.000000,96,350,370,380,430,680,810,860,1000,1200,1300,69522,0,96,208.08217031010167,1.4683000044897199,1315.1708000223152,343.33534708437617
1789792611,100,,Aggregated,73.800000,0.000000,96,350,370,380,430,680,810,860,1000,1200,1300,69604,0,96,208.08530958851156,1.4683000044897199,1315.1708000223152,343.8295787598414
1789792612,100,,Aggregated,73.400000,0.000000,96,350,370,380,430,680,810,860,1000,1200,1300,69680,0,96,208.0766372201303,1.4683000044897199,1315.1708000223152,344.18725602755455
1789792613,100,,Aggregated,74.500000,0.000000,96,350,370,380,430,680,810,860,1000,1200,1300,69747,0,96,208.0862865972528,1.4683000044897199,1315.1708000223152,344.533413623525
1789792614,100,,Aggregated,72.700000,0.000000,96,350,370,380,430,680,810,860,1000,1200,1300,69832,0,96,208.10079521134438,1.4683000044897199,1315.1708000223152,344.59038836063695
1789792615,100,,Aggregated,73.600000,0.000000,96,350,370,380,430,680,810,860,1000,1200,1300,69898,0,96,208.08004332167746,1.4683000044897199,1315.1708000223152,344.78721851841254
1789792616,100,,Aggregated,74.600000,0.000000,96,350,370,380,430,680,810,860,1000,1200,1300,69968,0,96,208.08343879485525,1.4683000044897199,1315.1708000223152,344.74253944660416
1789792617,100,,Aggregated,74.500000,0.000000,96,350,370,380,430,680,810,860,1000,1200,1300,70054,0,96,208.1008612441589,1.4683000044897199,1315.1708000223152,345.14954178205386
1789792618,100,,Aggregated,74.300000,0.000000,96,350,370,380,430,680,810,860,1000,1200,1300,70124,0,96,208.08563189490496,1.4683000044897199,1315.1708000223152,345.3776880953739
1789792619,100,,Aggregated,74.000000,0.000000,96,350,370,380,430,680,810,860,1000,1200,1300,70198,0,96,208.12830527647998,1.4683000044897199,1315.1708000223152,345.55655431778683
1789792620,100,,Aggregated,75.900000,0.000000,96,350,370,380,430,680,810,860,1000,1200,1300,70267,0,96,208.1767201360299,1.4683000044897199,1315.1708000223152,345.7486017618512
1789792621,100,,Aggregated,74.300000,0.000000,96,350,370,380,430,680,810,860,1000,1200,1300,70343,0,96,208.16375461379846,1.4683000044897199,1315.1708000223152,345.88739462348775
1789792622,100,,Aggregated,74.100000,0.000000,96,350,370,380,430,680,810,860,1000,1200,1300,70418,0,96,208.1718542858147,1.4683000044897199,1315.1708000223152,346.288420574285
1789792623,100,,Aggregated,73.200000,0.000000,96,350,370,380,430,680,810,860,1000,1200,1300,70496,0,96,208.1715588912642,1.4683000044897199,1315.1708000223152,346.395710394916
1789792624,100,,Aggregated,73.700000,0.000000,96,350,370,380,430,680,810,860,1000,1200,1300,70576,0,96,208.2078098517719,1.4683000044897199,1315.1708000223152,346.96456302425753
1789792625,100,,Aggregated,73.200000,0.000000,96,350,370,380,430,690,810,860,1000,1200,1300,70660,0,96,208.22301606423292,1.4683000044897199,1315.1708000223152,347.11793093688084
1789792626,100,,Aggregated,75.000000,0.000000,96,350,370,380,430,680,810,860,1000,1200,1300,70730,0,96,208.19867345961748,1.4683000044897199,1315.1708000223152,347.27166690230456
1789792627,100,,Aggregated,74.200000,0.000000,96,350,370,380,430,680,810,860,1000,1200,1300,70809,0,96,208.19759686196443,1.4683000044897199,1315.1708000223152,347.48656244262736
1789792628,100,,Aggregated,75.700000,0.000000,96,350,370,380,430,680,810,860,1000,1200,1300,70879,0,96,208.19541709390288,1.4683000044897199,1315.1708000223152,347.4142552801253
1789792629,100,,Aggregated,75.400000,0.000000,96,350,370,380,430,680,810,860,1000,1200,1300,70957,0,96,208.21623962680047,1.4683000044897199,1315.1708000223152,348.20052989838916
1789792630,100,,Aggregated,74.500000,0.000000,96,350,370,380,430,680,810,860,1000,1200,1300,71029,0,96,208.20175179009826,1.4683000044897199,1315.1708000223152,348.31527967449915
1789792631,100,,Aggregated,75.400000,0.000000,96,350,370,380,430,680,810,860,1000,1200,1300,71110,0,96,208.20568365769796,1.4683000044897199,1315.1708000223152,348.4936717761215
1789792632,100,,Aggregated,76.500000,0.000000,96,350,370,380,430,690,810,860,1000,1200,1300,71190,0,96,208.17904287819474,1.4683000044897199,1315.1708000223152,348.4971765697429
1789792633,100,,Aggregated,76.000000,0.000000,96,350,370,380,430,680,810,860,1000,1200,1300,71266,0,96,208.1545014256238,1.4683000044897199,1315.1708000223152,348.60406084247745
1789792634,100,,Aggregated,76.800000,0.000000,96,350,370,380,430,680,810,860,1000,1200,1300,71339,0,96,208.1315985085064,1.4683000044897199,1315.1708000223152,349.1171729348603
1789792635,100,,Aggregated,76.900000,0.000000,96,350,370,380,430,680,810,860,1000,1200,1300,71410,0,96,208.12798038227407,1.4683000044897199,1315.1708000223152,349.24874667413525
1789792636,100,,Aggregated,75.900000,0.000000,96,350,370,380,430,680,810,860,1000,1200,1300,71489,0,96,208.14985720457614,1.4683000044897199,1315.1708000223152,349.1580103232665
1789792637,100,,Aggregated,75.000000,0.000000,96,350,370,380,430,690,810,860,1000,1200,1300,71571,0,96,208.15976368079004,1.4683000044897199,1315.1708000223152,349.589135264283
1789792638,100,,Aggregated,74.200000,0.000000,96,350,370,380,430,680,810,860,1000,1200,1300,71643,0,96,208.14089670865184,1.4683000044897199,1315.1708000223152,349.62188908895496
1789792639,100,,Aggregated,75.600000,0.000000,96,350,370,380,430,680,810,850,1000,1200,1300,71713,0,96,208.1313180232024,1.4683000044897199,1315.1708000223152,349.80809616108655
1789792640,100,,Aggregated,75.800000,0.000000,96,350,370,380,430,680,810,860,1000,1200,1300,71786,0,96,208.1843910929441,1.4683000044897199,1315.1708000223152,350.09058869417436
1789792641,100,,Aggregated,75.600000,0.000000,96,350,370,380,430,680,810,860,1000,1200,1300,71868,0,96,208.21015792979082,1.4683000044897199,1315.1708000223152,350.0813296599321
1789792642,100,,Aggregated,74.200000,0.000000,96,350,370,380,430,690,810,860,1000,1200,1300,71940,0,96,208.20447963717316,1.4683000044897199,1315.1708000223152,350.24874895746456
1789792643,100,,Aggregated,74.200000,0.000000,96,350,370,380,430,680,810,860,1000,1200,1300,72015,0,96,208.22504619729386,1.4683000044897199,1315.1708000223152,350.2723321530237
1789792644,100,,Aggregated,74.400000,0.000000,96,350,370,380,430,680,810,860,1000,1200,1300,72084,0,96,208.21979110895865,1.4683000044897199,1315.1708000223152,350.62794794961434
1789792645,100,,Aggregated,74.700000,0.000000,96,350,370,380,430,680,810,860,1000,1200,1300,72165,0,96,208.21316345178778,1.4683000044897199,1315.1708000223152,350.56934802189426
1789792646,100,,Aggregated,74.700000,0.000000,96,350,370,380,430,680,810,860,1000,1200,1300,72242,0,96,208.2244572104628,1.4683000044897199,1315.1708000223152,350.82730267711304
1789792647,100,,Aggregated,74.500000,0.000000,96,350,370,380,430,680,810,860,1000,1200,1300,72322,0,96,208.20765940099145,1.4683000044897199,1315.1708000223152,350.98685047426784
1789792648,100,,Aggregated,74.600000,0.000000,96,350,370,380,430,680,810,860,1000,1200,1300,72390,0,96,208.20687384166942,1.4683000044897199,1315.1708000223152,351.01911866279875
1789792649,100,,Aggregated,74.800000,0.000000,96,350,370,380,430,680,810,860,1000,1200,1300,72461,0,96,208.1784557444466,1.4683000044897199,1315.1708000223152,351.4614206262679
1789792650,100,,Aggregated,74.400000,0.000000,96,350,370,380,430,680,810,850,1000,1200,1300,72531,0,96,208.17121535892818,1.4683000044897199,1315.1708000223152,351.615212805559
1789792651,100,,Aggregated,73.800000,0.000000,96,350,370,380,430,680,810,850,1000,1200,1300,72610,0,96,208.175715977115,1.4683000044897199,1315.1708000223152,351.9952485883487
1789792653,100,,Aggregated,74.600000,0.000000,96,350,370,380,430,680,810,850,1000,1200,1300,72691,0,96,208.1489574389997,1.4683000044897199,1315.1708000223152,352.102117180944
1789792654,100,,Aggregated,74.400000,0.000000,96,350,370,380,430,680,810,850,1000,1200,1300,72754,0,96,208.12549093106156,1.4683000044897199,1315.1708000223152,352.17541303570937
1789792655,100,,Aggregated,74.700000,0.000000,96,350,370,380,430,680,810,850,1000,1200,1300,72845,0,96,208.17618130823635,1.4683000044897199,1315.1708000223152,352.5587480266319
1789792656,100,,Aggregated,73.200000,0.000000,96,350,370,380,430,680,810,860,1000,1200,1300,72917,0,96,208.16291096587338,1.4683000044897199,1315.1708000223152,352.80266604495523
1789792657,100,,Aggregated,75.600000,0.000000,96,350,370,380,430,680,810,860,1000,1200,1300,72991,0,96,208.16105044181717,1.4683000044897199,1315.1708000223152,353.0692140126865
1789792658,100,,Aggregated,74.900000,0.000000,96,350,370,380,430,680,810,850,1000,1200,1300,73062,0,96,208.13600206534966,1.4683000044897199,1315.1708000223152,353.11393063425584
1789792659,100,,Aggregated,74.400000,0.000000,95,350,370,380,430,680,810,850,1000,1200,1300,73134,0,95,208.10591396612534,1.4683000044897199,1315.1708000223152,353.5853911997156
1789792660,100,,Aggregated,73.700000,0.000000,95,350,370,380,430,680,810,850,1000,1200,1300,73224,0,95,208.11864017806363,1.4683000044897199,1315.1708000223152,353.94215011471647
1789792661,100,,Aggregated,74.000000,0.000000,96,350,370,380,430,680,810,850,1000,1200,1300,73301,0,96,208.1632810438939,1.4683000044897199,1315.1708000223152,353.98167828542586
1789792662,100,,Aggregated,75.800000,0.000000,96,350,370,380,430,680,810,850,1000,1200,1300,73366,0,96,208.1549346713534,1.4683000044897199,1315.1708000223152,354.22986124362785
1789792663,100,,Aggregated,76.500000,0.000000,96,350,370,380,430,680,810,850,1000,1200,1300,73445,0,96,208.15948474911409,1.4683000044897199,1315.1708000223152,354.4090135475526
1789792664,100,,Aggregated,74.800000,0.000000,96,350,370,380,430,680,810,850,1000,1200,1300,73528,0,96,208.13435055079364,1.4683000044897199,1315.1708000223152,354.8208845609836
1789792665,100,,Aggregated,74.800000,0.000000,96,350,370,380,430,680,810,850,1000,1200,1300,73596,0,96,208.13129851213287,1.4683000044897199,1315.1708000223152,354.9211506060112
1789792666,100,,Aggregated,76.900000,0.000000,96,350,370,380,430,680,810,850,1000,1200,1300,73677,0,96,208.14867699008957,1.4683000044897199,1315.1708000223152,355.15718609606796
1789792667,100,,Aggregated,75.000000,0.000000,96,350,370,380,430,680,810,850,1000,1200,1300,73752,0,96,208.14962295122518,1.4683000044897199,1315.1708000223152,355.079984271613
1789792668,100,,Aggregated,75.300000,0.000000,96,350,370,380,430,680,810,850,1000,1200,1300,73829,0,96,208.15569400911278,1.4683000044897199,1315.1708000223152,355.0462284468163
1789792669,100,,Aggregated,75.100000,0.000000,96,350,370,380,430,680,810,850,1000,1200,1300,73903,0,96,208.15177691837684,1.4683000044897199,1315.1708000223152,355.48470292139694
1789792670,100,,Aggregated,75.700000,0.000000,96,350,370,380,430,680,810,850,1000,1200,1300,73980,0,96,208.1696074073914,1.4683000044897199,1315.1708000223152,355.4136793728035
1789792671,100,,Aggregated,76.500000,0.000000,96,350,370,380,430,680,810,850,1000,1200,1300,74050,0,96,208.14501668060402,1.4683000044897199,1315.1708000223152,355.2343281566509
1789792672,100,,Aggregated,74.000000,0.000000,96,350,370,380,430,680,810,850,1000,1200,1300,74126,0,96,208.16207400775605,1.4683000044897199,1315.1708000223152,355.453767908696
1789792673,100,,Aggregated,74.500000,0.000000,96,350,370,380,430,680,810,850,1000,1200,1300,74207,0,96,208.14402944869016,1.4683000044897199,1315.1708000223152,355.85156386863775
1789792674,100,,Aggregated,75.400000,0.000000,96,350,370,380,430,680,810,850,1000,1200,1300,74288,0,96,208.1549527918228,1.4683000044897199,1315.1708000223152,355.8668425586905
1789792675,100,,Aggregated,75.800000,0.000000,96,350,370,380,430,680,810,850,1000,1200,1300,74360,0,96,208.1360889201047,1.4683000044897199,1315.1708000223152,355.75766541151154
1789792676,100,,Aggregated,75.100000,0.000000,96,350,370,380,430,680,810,850,1000,1200,1300,74435,0,96,208.11620848121274,1.4683000044897199,1315.1708000223152,356.2238194397797
1789792677,100,,Aggregated,75.600000,0.000000,95,350,370,380,430,680,810,850,1000,1200,1300,74517,0,95,208.13991223075314,1.4683000044897199,1315.1708000223152,356.3309177771515
1789792678,100,,Aggregated,75.800000,0.000000,96,350,370,380,430,680,810,850,1000,1200,1300,74585,0,96,208.1369650143981,1.4683000044897199,1315.1708000223152,356.5785881879735
1789792679,100,,Aggregated,76.200000,0.000000,95,350,370,380,430,680,810,850,1000,1200,1300,74660,0,95,208.09196530536846,1.4683000044897199,1315.1708000223152,356.61942137690863
1789792680,100,,Aggregated,75.400000,0.000000,95,350,370,380,430,680,810,850,1000,1200,1300,74742,0,95,208.09731860398202,1.4683000044897199,1315.1708000223152,357.0595515239089
1789792681,100,,Aggregated,74.700000,0.000000,95,350,370,380,430,680,810,850,1000,1200,1300,74818,0,95,208.09770002270452,1.4683000044897199,1315.1708000223152,357.2429896548959
1789792682,100,,Aggregated,76.100000,0.000000,95,350,370,380,430,680,810,850,1000,1200,1300,74892,0,95,208.09765603400473,1.4683000044897199,1315.1708000223152,357.18657533514926
1789792683,100,,Aggregated,75.500000,0.000000,95,350,370,380,430,680,810,850,1000,1200,1300,74964,0,95,208.0834680059583,1.4683000044897199,1315.1708000223152,357.27735979937034
1789792684,100,,Aggregated,76.300000,0.000000,95,350,370,380,430,680,810,850,1000,1200,1300,75043,0,95,208.11857533545512,1.4683000044897199,1315.1708000223152,357.4922644350572
1789792685,100,,Aggregated,74.500000,0.000000,95,350,370,380,430,680,810,850,1000,1200,1300,75114,0,95,208.10232830229597,1.4683000044897199,1315.1708000223152,357.82485289027346
1789792686,100,,Aggregated,75.000000,0.000000,95,350,370,380,430,680,810,850,1000,1200,1300,75192,0,95,208.11928021862386,1.4683000044897199,1315.1708000223152,358.17818384934566
1789792687,100,,Aggregated,74.600000,0.000000,95,350,370,380,430,680,810,850,1000,1200,1300,75270,0,95,208.11366780654532,1.4683000044897199,1315.1708000223152,358.6297063903281
1789792688,100,,Aggregated,74.300000,0.000000,95,350,370,380,430,680,810,850,1000,1200,1300,75341,0,95,208.0849744096669,1.4683000044897199,1315.1708000223152,358.88574614087946
1789792689,100,,Aggregated,74.900000,0.000000,95,350,370,380,430,680,810,850,1000,1200,1300,75409,0,95,208.0838219496172,1.4683000044897199,1315.1708000223152,358.94986009627496
1789792690,100,,Aggregated,75.500000,0.000000,95,350,370,380,430,680,810,850,1000,1200,1300,75482,0,95,208.1276462494193,1.4683000044897199,1315.1708000223152,359.19121114967805
1789792691,100,,Aggregated,75.300000,0.000000,95,350,370,380,430,680,810,850,1000,1200,1300,75567,0,95,208.17172567388593,1.4683000044897199,1315.1708000223152,359.2374449164318
1789792692,100,,Aggregated,74.400000,0.000000,95,350,370,380,430,680,810,850,1000,1200,1300,75640,0,95,208.15417390664302,1.4683000044897199,1315.1708000223152,359.2596641988366
1789792693,100,,Aggregated,74.300000,0.000000,95,350,370,380,430,680,810,850,1000,1200,1300,75719,0,95,208.12373659185093,1.4683000044897199,1315.1708000223152,359.2969532085738
1789792694,100,,Aggregated,74.500000,0.000000,95,350,370,380,430,680,810,850,1000,1200,1300,75791,0,95,208.12772432872293,1.4683000044897199,1315.1708000223152,359.66622686070906
1789792695,100,,Aggregated,75.600000,0.000000,95,350,370,380,430,680,810,850,1000,1200,1300,75867,0,95,208.14738851935923,1.4683000044897199,1315.1708000223152,359.858106950321
1789792696,100,,Aggregated,73.400000,0.000000,95,350,370,380,430,680,810,850,1000,1200,1300,75936,0,95,208.176323403896,1.4683000044897199,1315.1708000223152,360.0781184155078
1789792697,100,,Aggregated,73.600000,0.000000,95,350,370,380,430,680,810,850,1000,1200,1300,76020,0,95,208.18270555640862,1.4683000044897199,1315.1708000223152,359.9470665614312
1789792698,100,,Aggregated,74.700000,0.000000,95,350,370,380,430,680,810,850,1000,1200,1300,76094,0,95,208.15635488209566,1.4683000044897199,1315.1708000223152,360.366231240308
1789792699,100,,Aggregated,73.800000,0.000000,95,350,370,380,430,680,810,860,1000,1200,1300,76174,0,95,208.20145553073513,1.4683000044897199,1315.1708000223152,360.5542704859926
1789792700,100,,Aggregated,75.100000,0.000000,95,350,370,380,430,680,810,860,1000,1200,1300,76249,0,95,208.20474235594173,1.4683000044897199,1315.1708000223152,360.8808115516269
1789792701,100,,Aggregated,74.900000,0.000000,96,350,370,380,430,680,810,860,1000,1200,1300,76323,0,96,208.22581045554315,1.4683000044897199,1315.1708000223152,361.0714332507894
1789792702,100,,Aggregated,76.000000,0.000000,95,350,370,380,430,680,810,860,1000,1200,1300,76397,0,95,208.18548181732774,1.4683000044897199,1315.1708000223152,361.27511551500714
1789792703,100,,Aggregated,75.600000,0.000000,95,350,370,380,430,680,810,860,1000,1200,1300,76468,0,95,208.168146745023,1.4683000044897199,1315.1708000223152,361.5097164827117
1789792704,100,,Aggregated,74.100000,0.000000,95,350,370,380,430,680,810,860,1000,1200,1300,76553,0,95,208.19194442018335,1.4683000044897199,1315.1708000223152,361.78087076927096
1789792705,100,,Aggregated,74.900000,0.000000,95,350,370,380,430,680,810,860,1000,1200,1300,76625,0,95,208.17956691547798,1.4683000044897199,1315.1708000223152,361.81902773246327
1789792706,100,,Aggregated,76.800000,0.000000,95,350,370,380,430,680,810,860,1000,1200,1300,76696,0,95,208.17783209031214,1.4683000044897199,1315.1708000223152,362.46385730676957
1789792707,100,,Aggregated,76.100000,0.000000,95,350,370,380,430,680,810,860,1000,1200,1300,76775,0,95,208.16897983586412,1.4683000044897199,1315.1708000223152,362.93378052751547
1789792708,100,,Aggregated,75.100000,0.000000,95,350,370,380,430,680,810,850,1000,1200,1300,76849,0,95,208.17462820854502,1.4683000044897199,1315.1708000223152,362.9339744173639
1789792709,100,,Aggregated,75.500000,0.000000,95,350,370,380,430,680,810,860,1000,1200,1300,76922,0,95,208.17819070615175,1.4683000044897199,1315.1708000223152,363.239775356855
1789792710,100,,Aggregated,74.700000,0.000000,95,350,370,380,430,680,810,860,1000,1200,1300,77000,0,95,208.18700219089146,1.4683000044897199,1315.1708000223152,363.2543116883117
1789792711,100,,Aggregated,74.300000,0.000000,95,350,370,380,430,680,810,850,1000,1200,1300,77071,0,95,208.15283987879545,1.4683000044897199,1315.1708000223152,363.48731688962124
1789792712,100,,Aggregated,73.900000,0.000000,95,350,370,380,430,680,810,850,1000,1200,1300,77135,0,95,208.14979396121961,1.4683000044897199,1315.1708000223152,363.70100473196345
1789792713,100,,Aggregated,74.400000,0.000000,95,350,370,380,430,680,810,850,1000,1200,1300,77238,0,95,208.18198727956215,1.4683000044897199,1315.1708000223152,363.7218079183821
1789792714,100,,Aggregated,74.800000,0.000000,96,350,370,380,430,680,810,850,1000,1200,1300,77303,0,96,208.169572303778,1.4683000044897199,1315.1708000223152,363.9014785972084
1789792715,100,,Aggregated,75.600000,0.000000,95,350,370,380,430,680,810,850,1000,1200,1300,77372,0,95,208.15318416479832,1.4683000044897199,1315.1708000223152,364.16955746264796
1789792716,100,,Aggregated,74.800000,0.000000,95,350,370,380,430,680,810,850,1000,1200,1300,77449,0,95,208.1367044209571,1.4683000044897199,1315.1708000223152,364.3895079342535
1789792717,100,,Aggregated,74.400000,0.000000,95,350,370,380,430,680,810,860,1000,1200,1300,77530,0,95,208.1643038759045,1.4683000044897199,1315.1708000223152,364.9418289694312
1789792718,100,,Aggregated,74.800000,0.000000,95,350,370,380,430,680,810,860,1000,1200,1300,77609,0,95,208.17281481398854,1.4683000044897199,1315.1708000223152,365.2131324975196
1789792719,100,,Aggregated,74.400000,0.000000,95,350,370,380,430,680,810,860,1000,1200,1300,77673,0,95,208.17811498717552,1.4683000044897199,1315.1708000223152,365.170046219407
1789792720,100,,Aggregated,74.900000,0.000000,95,350,370,380,430,680,810,860,1000,1200,1300,77741,0,95,208.16445348141914,1.4683000044897199,1315.1708000223152,365.794857282515
1789792721,100,,Aggregated,75.800000,0.000000,95,350,370,380,430,680,810,860,1000,1200,1300,77822,0,95,208.19031616251203,1.4683000044897199,1315.1708000223152,366.14980339749684
1789792722,100,,Aggregated,74.200000,0.000000,96,350,370,380,430,680,810,860,1000,1200,1300,77899,0,96,208.20731510159374,1.4683000044897199,1315.1708000223152,366.4283110181132
1789792723,100,,Aggregated,74.500000,0.000000,95,350,370,380,430,680,810,860,1000,1200,1300,77972,0,95,208.1910569832634,1.4683000044897199,1315.1708000223152,366.4503667983379
1789792724,100,,Aggregated,74.500000,0.000000,95,350,370,380,430,680,810,860,1000,1200,1300,78051,0,95,208.18492438404218,1.4683000044897199,1315.1708000223152,366.53285672188696
1789792725,100,,Aggregated,72.700000,0.000000,95,350,370,380,430,680,810,860,1000,1200,1300,78122,0,95,208.1855804433946,1.4683000044897199,1315.1708000223152,366.83135352397534
1789792726,100,,Aggregated,73.300000,0.000000,96,350,370,380,430,680,810,860,1000,1200,1300,78196,0,96,208.18776496878198,1.4683000044897199,1315.1708000223152,367.14567241291115
1789792727,100,,Aggregated,75.100000,0.000000,96,350,370,380,430,680,810,860,1000,1200,1300,78282,0,96,208.20410373520025,1.4683000044897199,1315.1708000223152,367.43013719629033
1789792728,100,,Aggregated,73.800000,0.000000,96,350,370,380,430,680,810,860,1000,1200,1300,78347,0,96,208.2536868061188,1.4683000044897199,1315.1708000223152,367.57819699541784
1789792729,100,,Aggregated,74.800000,0.000000,96,350,370,380,430,680,810,860,1000,1200,1300,78429,0,96,208.2529467122993,1.4683000044897199,1315.1708000223152,367.76311058409516
1789792730,100,,Aggregated,73.700000,0.000000,96,350,370,380,430,680,810,860,1000,1200,1300,78503,0,96,208.26237097306938,1.4683000044897199,1315.1708000223152,367.9058762085525
1789792731,100,,Aggregated,74.400000,0.000000,96,350,370,380,430,680,810,860,1000,1200,1300,78584,0,96,208.2359514850208,1.4683000044897199,1315.1708000223152,368.3045530896875
1789792732,100,,Aggregated,75.300000,0.000000,96,350,370,380,430,680,810,860,1000,1200,1300,78661,0,96,208.22007130469626,1.4683000044897199,1315.1708000223152,368.75534254586137
1789792733,100,,Aggregated,75.300000,0.000000,96,350,370,380,430,680,810,860,1000,1200,1300,78732,0,96,208.22931323856488,1.4683000044897199,1315.1708000223152,368.9230808311741
1789792734,100,,Aggregated,75.800000,0.000000,96,350,370,380,430,680,810,860,1000,1200,1300,78819,0,96,208.24419091207366,1.4683000044897199,1315.1708000223152,368.8005303289816
1789792735,100,,Aggregated,75.700000,0.000000,96,350,370,380,430,680,810,860,1000,1200,1300,78888,0,96,208.2213589848712,1.4683000044897199,1315.1708000223152,368.86539144103034
1789792736,100,,Aggregated,76.100000,0.000000,96,350,370,380,430,680,810,860,1000,1200,1300,78963,0,96,208.19439381860397,1.4683000044897199,1315.1708000223152,368.84875194711447
1789792737,100,,Aggregated,76.000000,0.000000,96,350,370,380,430,680,810,860,1000,1200,1300,79042,0,96,208.18434809719506,1.4683000044897199,1315.1708000223152,369.18172617089647
1789792738,100,,Aggregated,76.800000,0.000000,96,350,370,380,430,680,810,860,1000,1200,1300,79112,0,96,208.21077398243435,1.4683000044897199,1315.1708000223152,369.2873521084033
1789792739,100,,Aggregated,76.100000,0.000000,96,350,370,380,430,680,810,860,1000,1200,1300,79190,0,96,208.27026954664194,1.4683000044897199,1315.1708000223152,369.6663972723829
1789792740,100,,Aggregated,76.200000,0.000000,96,350,370,380,430,680,810,860,1000,1200,1300,79259,0,96,208.2469969340833,1.4683000044897199,1315.1708000223152,369.9498101162013
1789792741,100,,Aggregated,74.800000,0.000000,96,350,370,380,430,680,810,860,1000,1200,1300,79342,0,96,208.23949799347642,1.4683000044897199,1315.1708000223152,370.2531698217842
1789792742,100,,Aggregated,74.700000,0.000000,96,350,370,380,430,680,810,860,1000,1200,1300,79411,0,96,208.23655271685666,1.4683000044897199,1315.1708000223152,370.30286736094496
1789792743,100,,Aggregated,75.600000,0.000000,96,350,370,380,430,680,810,860,1000,1200,1300,79486,0,96,208.23178066449736,1.4683000044897199,1315.1708000223152,370.3463251390182
1789792744,100,,Aggregated,75.300000,0.000000,96,350,370,380,430,680,810,860,1000,1200,1300,79560,0,96,208.2117111136027,1.4683000044897199,1315.1708000223152,370.79485922574156
1789792745,100,,Aggregated,75.600000,0.000000,96,350,370,380,430,680,810,860,1000,1200,1300,79637,0,96,208.21149627055257,1.4683000044897199,1315.1708000223152,370.92794806434193
1789792746,100,,Aggregated,74.200000,0.000000,96,350,370,380,430,680,810,860,1000,1200,1300,79713,0,96,208.2183071305568,1.4683000044897199,1315.1708000223152,370.9224342328102
1789792747,100,,Aggregated,72.700000,0.000000,96,350,370,380,430,680,810,860,1000,1200,1300,79796,0,96,208.22460524084087,1.4683000044897199,1315.1708000223152,371.0162038197403
1789792748,100,,Aggregated,74.000000,0.000000,96,350,370,380,430,680,810,860,1000,1200,1300,79864,0,96,208.22190336319608,1.4683000044897199,1315.1708000223152,371.4003681258139
1789792749,100,,Aggregated,74.200000,0.000000,96,350,370,380,430,680,810,860,1000,1200,1300,79946,0,96,208.2308582005131,1.4683000044897199,1315.1708000223152,371.4804493032797
1789792750,100,,Aggregated,74.000000,0.000000,96,350,370,380,430,680,810,860,1000,1200,1300,80013,0,96,208.20914193066474,1.4683000044897199,1315.1708000223152,371.48227163086
1789792751,100,,Aggregated,73.900000,0.000000,96,350,370,380,430,680,810,860,1000,1200,1300,80095,0,96,208.22887817714005,1.4683000044897199,1315.1708000223152,372.13826081528185
1789792752,100,,Aggregated,75.600000,0.000000,96,350,370,380,430,680,810,860,1000,1200,1300,80168,0,96,208.2139320875914,1.4683000044897199,1315.1708000223152,372.35088813491666
1789792753,100,,Aggregated,73.400000,0.000000,96,350,370,380,430,680,810,860,1000,1200,1300,80238,0,96,208.22221209025741,1.4683000044897199,1315.1708000223152,372.61280191430495
1789792754,100,,Aggregated,75.300000,0.000000,95,350,370,380,430,680,810,860,1000,1200,1300,80324,0,95,208.19666722770523,1.4683000044897199,1315.1708000223152,373.0692445595339
1789792755,100,,Aggregated,74.800000,0.000000,95,350,370,380,430,680,810,860,1000,1200,1300,80392,0,95,208.20403255545523,1.4683000044897199,1315.1708000223152,373.1839859687531
1789792756,100,,Aggregated,74.300000,0.000000,95,350,370,380,430,680,810,860,1000,1200,1300,80471,0,95,208.2269905456376,1.4683000044897199,1315.1708000223152,373.37819835717215
1789792757,100,,Aggregated,75.900000,0.000000,95,350,370,380,430,680,810,860,1000,1200,1300,80539,0,95,208.22292664793838,1.4683000044897199,1315.1708000223152,373.60794149418297
1789792758,100,,Aggregated,75.600000,0.000000,95,350,370,380,430,680,810,860,1000,1200,1300,80615,0,95,208.2060696507901,1.4683000044897199,1315.1708000223152,373.88481051913413
1789792759,100,,Aggregated,74.900000,0.000000,95,350,370,380,430,680,810,860,1000,1200,1300,80698,0,95,208.22374613123537,1.4683000044897199,1315.1708000223152,374.1605739919205
1789792760,100,,Aggregated,74.500000,0.000000,96,350,370,380,430,680,810,860,1000,1200,1300,80775,0,96,208.28577324046148,1.4683000044897199,1315.1708000223152,374.2879603837821
1789792761,100,,Aggregated,74.500000,0.000000,96,350,370,380,430,680,810,860,1000,1200,1300,80855,0,96,208.32344917195277,1.4683000044897199,1315.1708000223152,374.4009894255148
1789792762,100,,Aggregated,74.200000,0.000000,96,350,370,380,430,680,810,860,1000,1200,1300,80923,0,96,208.2944385118953,1.4683000044897199,1315.1708000223152,374.5727049170199
1789792763,100,,Aggregated,75.500000,0.000000,96,350,370,380,430,680,810,860,1000,1200,1300,80988,0,96,208.2796774707127,1.4683000044897199,1315.1708000223152,375.13400750728505
1789792764,100,,Aggregated,74.800000,0.000000,96,350,370,380,430,680,810,860,1000,1200,1300,81060,0,96,208.28547758448215,1.4683000044897199,1315.1708000223152,375.2245620528004
1789792765,100,,Aggregated,74.400000,0.000000,96,350,370,380,430,680,810,860,1000,1200,1300,81154,0,96,208.31790856024566,1.4683000044897199,1315.1708000223152,375.75046208443206
1789792766,100,,Aggregated,74.700000,0.000000,96,350,370,380,430,680,810,860,1000,1200,1300,81236,0,96,208.33434906566092,1.4683000044897199,1315.1708000223152,375.8437515387267
1789792767,100,,Aggregated,74.100000,0.000000,96,350,370,380,430,680,810,860,1000,1200,1300,81305,0,96,208.32147974414627,1.4683000044897199,1315.1708000223152,375.9578623700879
1789792768,100,,Aggregated,74.400000,0.000000,96,350,370,380,430,680,810,860,1000,1200,1300,81372,0,96,208.3096817910074,1.4683000044897199,1315.1708000223152,376.4788133510298
1789792769,100,,Aggregated,75.200000,0.000000,96,350,370,380,430,680,810,860,1000,1200,1300,81440,0,96,208.31111026519903,1.4683000044897199,1315.1708000223152,376.62145137524556
1789792770,100,,Aggregated,75.600000,0.000000,96,350,370,380,430,680,810,860,1000,1200,1300,81531,0,96,208.35890239538344,1.4683000044897199,1315.1708000223152,376.9797132379095
1789792771,100,,Aggregated,76.200000,0.000000,96,350,370,380,430,680,810,860,1000,1200,1300,81597,0,96,208.3637553451472,1.4683000044897199,1315.1708000223152,377.383469980514
1789792772,100,,Aggregated,74.100000,0.000000,96,350,370,380,430,680,810,860,1000,1200,1300,81681,0,96,208.36785133259843,1.4683000044897199,1315.1708000223152,377.24742596197405
1789792773,100,,Aggregated,75.200000,0.000000,96,350,370,380,430,680,810,860,1000,1200,1300,81745,0,96,208.34939382222646,1.4683000044897199,1315.1708000223152,377.4445898831733
1789792774,100,,Aggregated,73.300000,0.000000,96,350,370,380,430,680,810,860,1000,1200,1300,81820,0,96,208.3542379540184,1.4683000044897199,1315.1708000223152,377.3947078953801
1789792775,100,,Aggregated,74.900000,0.000000,96,350,370,380,430,680,810,860,1000,1200,1300,81898,0,96,208.35739169451995,1.4683000044897199,1315.1708000223152,377.82864050404163
1789792776,100,,Aggregated,74.700000,0.000000,96,350,370,380,430,680,810,860,1000,1200,1300,81984,0,96,208.39537105041967,1.4683000044897199,1315.1708000223152,377.90732338017176
1789792777,100,,Aggregated,75.100000,0.000000,96,350,370,380,430,680,810,860,1000,1200,1300,82054,0,96,208.4023619993862,1.4683000044897199,1315.1708000223152,378.61975040826775
1789792778,100,,Aggregated,74.000000,0.000000,96,350,370,380,430,680,810,860,1000,1200,1300,82128,0,96,208.44622409893654,1.4683000044897199,1315.1708000223152,378.87933469705825
1789792779,100,,Aggregated,74.900000,0.000000,96,350,370,380,430,680,810,860,1000,1200,1300,82206,0,96,208.41627203850624,1.4683000044897199,1315.1708000223152,378.86885385494975
1789792781,100,,Aggregated,74.300000,0.000000,96,350,370,380,430,680,810,860,1000,1200,1300,82288,0,96,208.44105071453185,1.4683000044897199,1315.1708000223152,378.99191862726036
1789792782,100,,Aggregated,75.900000,0.000000,96,350,370,380,430,680,810,860,1000,1200,1300,82357,0,96,208.43533874470359,1.4683000044897199,1315.1708000223152,379.2425901866265
1789792783,100,,Aggregated,75.900000,0.000000,96,350,370,380,430,680,810,860,1000,1200,1300,82427,0,96,208.45572588954562,1.4683000044897199,1315.1708000223152,379.24943283147513
1789792784,100,,Aggregated,75.600000,0.000000,96,350,370,380,430,680,810,860,1000,1200,1300,82511,0,96,208.43668693504532,1.4683000044897199,1315.1708000223152,379.326986704803
1789792785,100,,Aggregated,74.300000,0.000000,96,350,370,380,430,680,810,860,1000,1200,1300,82583,0,96,208.45400616709998,1.4683000044897199,1315.1708000223152,379.2484530714554
1789792786,100,,Aggregated,75.500000,0.000000,96,350,370,380,430,680,810,860,1000,1200,1300,82660,0,96,208.44655549234898,1.4683000044897199,1315.1708000223152,379.52991773530124
1789792787,100,,Aggregated,75.400000,0.000000,96,350,370,380,430,680,810,860,1000,1200,1300,82740,0,96,208.4533868261717,1.4683000044897199,1315.1708000223152,379.5634759487551
1789792788,100,,Aggregated,75.300000,0.000000,96,350,370,380,430,680,810,860,1000,1200,1300,82801,0,96,208.48520682597444,1.4683000044897199,1315.1708000223152,379.8936003188367
1789792789,100,,Aggregated,74.700000,0.000000,96,350,370,380,430,680,810,860,1000,1200,1300,82871,0,96,208.47364456562033,1.4683000044897199,1315.1708000223152,380.23630703141026
1789792790,100,,Aggregated,74.400000,0.000000,96,350,370,380,430,680,810,860,1000,1200,1300,82960,0,96,208.4855972817949,1.4683000044897199,1315.1708000223152,380.3079918032787
1789792791,100,,Aggregated,73.700000,0.000000,96,350,370,380,430,680,810,860,1000,1200,1300,83030,0,96,208.4867668095596,1.4683000044897199,1315.1708000223152,380.46763820305915
1789792792,100,,Aggregated,75.100000,0.000000,96,350,370,380,430,680,810,860,1000,1200,1300,83097,0,96,208.49132847633103,1.4683000044897199,1315.1708000223152,380.5627760328291
1789792793,100,,Aggregated,73.700000,0.000000,96,350,370,380,430,680,810,860,1000,1200,1300,83182,0,96,208.48838534536085,1.4683000044897199,1315.1708000223152,380.6596379024308
1789792794,100,,Aggregated,73.800000,0.000000,96,350,370,380,430,680,810,860,1000,1200,1300,83249,0,96,208.48309228817004,1.4683000044897199,1315.1708000223152,380.78917464474046
1789792795,100,,Aggregated,74.400000,0.000000,96,350,370,380,430,680,810,860,1000,1200,1300,83333,0,96,208.45418670872488,1.4683000044897199,1315.1708000223152,380.8304273217093
1789792796,100,,Aggregated,73.900000,0.000000,96,350,370,380,430,680,810,860,1000,1200,1300,83415,0,96,208.46460753219782,1.4683000044897199,1315.1708000223152,381.1567104237847
1789792797,100,,Aggregated,74.800000,0.000000,96,350,370,380,430,680,810,860,1000,1200,1300,83487,0,96,208.4816818965632,1.4683000044897199,1315.1708000223152,381.284211913232
1789792798,100,,Aggregated,75.000000,0.000000,96,350,370,380,430,680,810,860,1000,1200,1300,83559,0,96,208.46443807846435,1.4683000044897199,1315.1708000223152,381.43904307136273
1789792799,100,,Aggregated,74.600000,0.000000,96,350,370,380,430,680,810,860,1000,1200,1300,83631,0,96,208.45267145673827,1.4683000044897199,1315.1708000223152,381.7368439932561
1789792800,100,,Aggregated,75.400000,0.000000,96,350,370,380,430,680,810,860,1000,1200,1300,83717,0,96,208.54093269465616,1.4683000044897199,1315.1708000223152,382.18340360978056
1789792801,100,,Aggregated,75.600000,0.000000,96,350,370,380,430,680,810,860,1000,1200,1300,83782,0,96,208.54337548517063,1.4683000044897199,1315.1708000223152,382.4329927669428
1789792802,100,,Aggregated,73.800000,0.000000,96,350,370,380,430,680,810,860,1000,1200,1300,83865,0,96,208.51687909495598,1.4683000044897199,1315.1708000223152,383.0185536278543
1789792803,100,,Aggregated,75.000000,0.000000,96,350,370,380,430,680,810,860,1000,1200,1300,83936,0,96,208.5052797583688,1.4683000044897199,1315.1708000223152,383.0888414982844
1789792804,100,,Aggregated,75.600000,0.000000,96,350,370,380,430,680,810,860,1000,1200,1300,84013,0,96,208.53003533498872,1.4683000044897199,1315.1708000223152,383.3160582290836
1789792805,100,,Aggregated,74.900000,0.000000,96,350,370,380,430,680,810,860,1000,1200,1300,84089,0,96,208.57118634896992,1.4683000044897199,1315.1708000223152,384.01336678994875
1789792806,100,,Aggregated,75.000000,0.000000,96,350,370,380,430,680,810,860,1000,1200,1300,84174,0,96,208.56895529853273,1.4683000044897199,1315.1708000223152,384.29322593675005
1789792807,100,,Aggregated,74.800000,0.000000,96,350,370,380,430,680,810,860,1000,1200,1300,84247,0,96,208.55075546902287,1.4683000044897199,1315.1708000223152,384.5039467280734
1789792808,100,,Aggregated,75.000000,0.000000,96,350,370,380,430,680,810,860,1000,1200,1300,84324,0,96,208.54078751006512,1.4683000044897199,1315.1708000223152,384.77863953322895
1789792809,100,,Aggregated,75.100000,0.000000,96,350,370,380,430,680,810,860,1000,1200,1300,84393,0,96,208.53307044540205,1.4683000044897199,1315.1708000223152,384.96243764293246
1789792810,100,,Aggregated,75.000000,0.000000,96,350,370,380,430,680,810,860,1000,1200,1300,84470,0,96,208.5591035527247,1.4683000044897199,1315.1708000223152,385.00580087605067
1789792811,100,,Aggregated,74.900000,0.000000,96,350,370,380,430,680,810,860,1000,1200,1300,84547,0,96,208.56949325580723,1.4683000044897199,1315.1708000223152,384.88916224112035
1789792812,100,,Aggregated,76.000000,0.000000,96,350,370,380,430,680,810,860,1000,1200,1300,84623,0,96,208.56400775556065,1.4683000044897199,1315.1708000223152,385.12235444264564
1789792813,100,,Aggregated,75.500000,0.000000,96,350,370,380,430,680,810,860,1000,1200,1300,84691,0,96,208.56803335772295,1.4683000044897199,1315.1708000223152,385.39301696756445
1789792814,100,,Aggregated,75.500000,0.000000,96,350,370,380,430,680,810,860,1000,1200,1300,84770,0,96,208.5435109507962,1.4683000044897199,1315.1708000223152,385.597782234281
1789792815,100,,Aggregated,75.300000,0.000000,96,350,370,380,430,680,810,860,1000,1200,1300,84843,0,96,208.52561409071953,1.4683000044897199,1315.1708000223152,386.04126445316643
1789792816,100,,Aggregated,75.700000,0.000000,96,350,370,380,430,680,810,860,1000,1200,1300,84924,0,96,208.54875176273848,1.4683000044897199,1315.1708000223152,386.05461353680937
1789792817,100,,Aggregated,75.100000,0.000000,96,350,370,380,430,680,810,860,1000,1200,1300,84992,0,96,208.55747176791684,1.4683000044897199,1315.1708000223152,386.29841632153614
1789792818,100,,Aggregated,74.500000,0.000000,96,350,370,380,430,680,810,860,1000,1200,1300,85068,0,96,208.5446215662641,1.4683000044897199,1315.1708000223152,386.54042648234355
1789792819,100,,Aggregated,74.300000,0.000000,96,350,370,380,430,680,810,860,1000,1200,1300,85146,0,96,208.54155522630364,1.4683000044897199,1315.1708000223152,386.93186996453153
1789792820,100,,Aggregated,74.500000,0.000000,96,350,370,380,430,680,810,860,1000,1200,1300,85218,0,96,208.5273149381449,1.4683000044897199,1315.1708000223152,387.1659860592832
1789792821,100,,Aggregated,75.300000,0.000000,96,350,370,380,430,680,810,860,1000,1200,1300,85300,0,96,208.55456969869505,1.4683000044897199,1315.1708000223152,387.1409144196952
1789792822,100,,Aggregated,73.400000,0.000000,96,350,370,380,430,680,810,860,1000,1200,1300,85364,0,96,208.55794781756458,1.4683000044897199,1315.1708000223152,387.3191743592147
1789792823,100,,Aggregated,74.400000,0.000000,96,350,370,380,430,680,810,860,1000,1200,1300,85441,0,96,208.51721263209208,1.4683000044897199,1315.1708000223152,387.3228894792898
1789792824,100,,Aggregated,74.200000,0.000000,96,350,370,380,430,680,810,860,1000,1200,1300,85524,0,96,208.50683538420253,1.4683000044897199,1315.1708000223152,387.4202446097002
1789792825,100,,Aggregated,73.800000,0.000000,96,350,370,380,430,680,810,860,1000,1200,1300,85608,0,96,208.52478292097078,1.4683000044897199,1315.1708000223152,387.40855994766844
1789792826,100,,Aggregated,75.000000,0.000000,96,350,370,380,430,680,810,860,1000,1200,1300,85674,0,96,208.51207986201595,1.4683000044897199,1315.1708000223152,387.5392417769685
1789792827,100,,Aggregated,74.900000,0.000000,96,350,370,380,430,680,810,860,1000,1200,1300,85741,0,96,208.5084651485089,1.4683000044897199,1315.1708000223152,387.5633477566159
1789792828,100,,Aggregated,75.400000,0.000000,96,350,370,380,430,680,810,860,1000,1200,1300,85821,0,96,208.51034007525217,1.4683000044897199,1315.1708000223152,387.78338635066007
1789792829,100,,Aggregated,74.300000,0.000000,96,350,370,380,430,680,810,860,1000,1200,1300,85894,0,96,208.51708940319787,1.4683000044897199,1315.1708000223152,387.90580250075675
1789792830,100,,Aggregated,74.300000,0.000000,96,350,370,380,430,680,810,860,1000,1200,1300,85978,0,96,208.51337463767715,1.4683000044897199,1315.1708000223152,387.9775058735956
1789792831,100,,Aggregated,74.600000,0.000000,96,350,370,380,430,680,810,860,1000,1200,1300,86056,0,96,208.49770437503923,1.4683000044897199,1315.1708000223152,388.43474016919214
1789792832,100,,Aggregated,75.800000,0.000000,96,350,370,380,430,680,810,860,1000,1200,1300,86131,0,96,208.50296821932207,1.4683000044897199,1315.1708000223152,388.4953617164552
1789792833,100,,Aggregated,74.700000,0.000000,96,350,370,380,430,680,810,860,1000,1200,1300,86205,0,96,208.49414544282362,1.4683000044897199,1315.1708000223152,388.89137521025464
1789792834,100,,Aggregated,75.300000,0.000000,96,350,370,380,430,680,810,860,1000,1200,1300,86282,0,96,208.4746391263338,1.4683000044897199,1315.1708000223152,389.09641640203057
1789792835,100,,Aggregated,76.100000,0.000000,96,350,370,380,430,680,810,860,1000,1200,1300,86350,0,96,208.45704741862468,1.4683000044897199,1315.1708000223152,389.13414012738855
1789792836,100,,Aggregated,74.600000,0.000000,96,350,370,380,430,680,810,860,1000,1200,1300,86441,0,96,208.44679456158838,1.4683000044897199,1315.1708000223152,389.0839185108918
1789792837,100,,Aggregated,75.000000,0.000000,96,350,370,380,430,680,810,860,1000,1200,1300,86505,0,96,208.47208919366875,1.4683000044897199,1315.1708000223152,389.204762730478
1789792838,100,,Aggregated,75.400000,0.000000,96,350,370,380,430,680,810,860,1000,1200,1300,86586,0,96,208.50326917744644,1.4683000044897199,1315.1708000223152,389.9393897396808
1789792839,100,,Aggregated,75.200000,0.000000,96,350,370,380,430,680,810,860,1000,1200,1300,86657,0,96,208.51150660995023,1.4683000044897199,1315.1708000223152,390.08267075943087
1789792840,100,,Aggregated,75.900000,0.000000,96,350,370,380,430,680,810,860,1000,1200,1300,86742,0,96,208.50395263999533,1.4683000044897199,1315.1708000223152,390.6837172304074
1789792841,100,,Aggregated,75.000000,0.000000,96,350,370,380,430,680,810,860,1000,1200,1300,86818,0,96,208.46066783614552,1.4683000044897199,1315.1708000223152,390.81432421848007
1789792842,100,,Aggregated,75.500000,0.000000,96,350,370,380,430,680,810,860,1000,1200,1300,86890,0,96,208.44748706754075,1.4683000044897199,1315.1708000223152,390.97026124985615
1789792843,100,,Aggregated,75.600000,0.000000,96,350,370,380,430,680,810,860,1000,1200,1300,86960,0,96,208.46635376033618,1.4683000044897199,1315.1708000223152,391.3632589696412
1789792844,100,,Aggregated,75.700000,0.000000,96,350,370,380,430,680,810,860,1000,1200,1300,87044,0,96,208.4590735386571,1.4683000044897199,1315.1708000223152,391.392341804145
1789792845,100,,Aggregated,75.400000,0.000000,96,350,370,380,430,680,810,860,1000,1200,1300,87118,0,96,208.44031115267794,1.4683000044897199,1315.1708000223152,391.6414403452788
1789792846,100,,Aggregated,76.900000,0.000000,96,350,370,380,430,680,810,860,1000,1200,1300,87197,0,96,208.43102865578985,1.4683000044897199,1315.1708000223152,391.7826874777802
1789792847,100,,Aggregated,76.400000,0.000000,96,350,370,380,430,680,810,860,1000,1200,1300,87265,0,96,208.43533440897212,1.4683000044897199,1315.1708000223152,392.23732309631583
1789792848,100,,Aggregated,75.000000,0.000000,96,350,370,380,430,680,810,860,1000,1200,1300,87339,0,96,208.43262900879282,1.4683000044897199,1315.1708000223152,392.4753546525607
1789792849,100,,Aggregated,75.200000,0.000000,96,350,370,380,430,680,810,860,1000,1200,1300,87418,0,96,208.44173953303496,1.4683000044897199,1315.1708000223152,392.49487519732776
1789792850,100,,Aggregated,76.000000,0.000000,96,350,370,380,430,680,810,860,1000,1200,1300,87495,0,96,208.4361392136553,1.4683000044897199,1315.1708000223152,392.8085033430482
1789792851,100,,Aggregated,76.000000,0.000000,96,350,370,380,430,680,810,860,1000,1200,1300,87577,0,96,208.431770147401,1.4683000044897199,1315.1708000223152,392.7855943912214
1789792852,100,,Aggregated,75.000000,0.000000,96,350,370,380,430,680,810,860,1000,1200,1300,87651,0,96,208.41168479650986,1.4683000044897199,1315.1708000223152,393.1041631013907
1789792853,100,,Aggregated,75.700000,0.000000,96,350,370,380,430,680,810,860,1000,1200,1300,87716,0,96,208.4179006840133,1.4683000044897199,1315.1708000223152,393.38983765789595
1789792854,100,,Aggregated,75.200000,0.000000,96,350,370,380,430,680,810,860,1000,1200,1300,87807,0,96,208.43391343741345,1.4683000044897199,1315.1708000223152,393.7980684911226
1789792855,100,,Aggregated,74.900000,0.000000,96,350,370,380,430,680,810,860,1000,1200,1300,87881,0,96,208.44295480250446,1.4683000044897199,1315.1708000223152,394.1357972713101
1789792856,100,,Aggregated,75.400000,0.000000,96,350,370,380,430,680,810,860,1000,1200,1300,87957,0,96,208.44010687834742,1.4683000044897199,1315.1708000223152,394.2893118228225
1789792857,100,,Aggregated,75.500000,0.000000,96,350,370,380,430,680,810,860,1000,1200,1300,88028,0,96,208.46133530693507,1.4683000044897199,1315.1708000223152,394.1105443722452
1789792858,100,,Aggregated,75.500000,0.000000,96,350,370,380,430,680,810,860,1000,1200,1300,88114,0,96,208.44000253193633,1.4683000044897199,1315.1708000223152,394.20695916653426
1789792859,100,,Aggregated,76.700000,0.000000,96,350,370,380,430,680,810,860,1000,1200,1300,88185,0,96,208.43113083743205,1.4683000044897199,1315.1708000223152,394.33233543119576
1789792860,100,,Aggregated,75.000000,0.000000,96,350,370,380,430,680,810,860,1000,1200,1300,88259,0,96,208.44793013742444,1.4683000044897199,1315.1708000223152,394.33071981327686
1789792861,100,,Aggregated,76.500000,0.000000,96,350,370,380,430,680,810,860,1000,1200,1300,88334,0,96,208.4162970181216,1.4683000044897199,1315.1708000223152,394.40959313514617
1789792862,100,,Aggregated,76.300000,0.000000,96,350,370,380,430,680,810,860,1000,1200,1300,88418,0,96,208.4232248614393,1.4683000044897199,1315.1708000223152,394.4902734737271
1789792863,100,,Aggregated,75.200000,0.000000,96,350,370,380,430,680,810,860,1000,1200,1300,88503,0,96,208.39428682077323,1.4683000044897199,1315.1708000223152,394.7581663898399
1789792864,100,,Aggregated,75.000000,0.000000,96,350,370,380,430,680,810,860,1000,1200,1300,88571,0,96,208.3980817039304,1.4683000044897199,1315.1708000223152,395.1155118492509
1789792865,100,,Aggregated,77.500000,0.000000,96,350,370,380,430,680,810,860,1000,1200,1300,88641,0,96,208.37981596663695,1.4683000044897199,1315.1708000223152,395.4197944517774
1789792866,100,,Aggregated,76.800000,0.000000,96,350,370,380,430,680,810,860,1000,1200,1300,88714,0,96,208.38036598731534,1.4683000044897199,1315.1708000223152,395.59855265234347
1789792867,100,,Aggregated,76.000000,0.000000,96,350,370,380,430,680,810,860,1000,1200,1300,88789,0,96,208.3891841534295,1.4683000044897199,1315.1708000223152,395.50456700717433
1789792868,100,,Aggregated,76.100000,0.000000,96,350,370,380,430,680,810,860,1000,1200,1300,88869,0,96,208.40790956238072,1.4683000044897199,1315.1708000223152,395.6863923302839
1789792869,100,,Aggregated,75.000000,0.000000,96,350,370,380,430,680,810,860,1000,1200,1300,88953,0,96,208.40565681876083,1.4683000044897199,1315.1708000223152,396.25894573538835
1789792870,100,,Aggregated,75.200000,0.000000,96,350,370,380,430,680,810,860,1000,1200,1300,89021,0,96,208.37911619504635,1.4683000044897199,1315.1708000223152,396.1979982251379
1789792871,100,,Aggregated,75.500000,0.000000,96,350,370,380,430,680,810,860,1000,1200,1300,89097,0,96,208.35323528624969,1.4683000044897199,1315.1708000223152,396.34717218312625
1789792872,100,,Aggregated,76.100000,0.000000,96,350,370,380,430,680,810,860,1000,1200,1300,89172,0,96,208.36886438679056,1.4683000044897199,1315.1708000223152,396.36092046830845
1789792873,100,,Aggregated,76.100000,0.000000,96,350,370,380,430,680,810,860,1000,1200,1300,89248,0,96,208.36558423492679,1.4683000044897199,1315.1708000223152,396.47640283255646
1789792874,100,,Aggregated,75.600000,0.000000,96,350,370,380,430,680,810,860,1000,1200,1300,89325,0,96,208.35228174865566,1.4683000044897199,1315.1708000223152,396.88673943464875
1789792875,100,,Aggregated,74.200000,0.000000,96,350,370,380,430,680,810,860,1000,1200,1300,89395,0,96,208.33960816934464,1.4683000044897199,1315.1708000223152,396.7942166787852
1789792876,100,,Aggregated,73.700000,0.000000,96,350,370,380,430,680,810,860,1000,1200,1300,89468,0,96,208.33534516697037,1.4683000044897199,1315.1708000223152,396.81962265838064
1789792877,100,,Aggregated,73.000000,0.000000,96,350,370,380,430,680,810,860,1000,1200,1300,89542,0,96,208.33635832010071,1.4683000044897199,1315.1708000223152,397.3099997766411
1789792878,100,,Aggregated,74.500000,0.000000,96,350,370,380,430,680,810,860,1000,1200,1300,89616,0,96,208.34213767852202,1.4683000044897199,1315.1708000223152,397.39626852347794
1789792879,100,,Aggregated,74.300000,0.000000,96,350,370,380,430,680,810,860,1000,1200,1300,89695,0,96,208.33313784378643,1.4683000044897199,1315.1708000223152,397.4579296504822
